Date,aapl_return,spy_return,excess_return,in_blackout
2012-01-04,0.5373748271191081,0.156872984213563,0.3805018429055451,False
2012-01-05,1.1102378138303726,0.26624954467480144,0.8439882691555711,False
2012-01-06,1.0453775094780626,-0.257760960753306,1.3031384702313686,False
2012-01-09,-0.15858668294941314,0.2427701682426342,-0.40135685119204734,False
2012-01-10,0.35802393828443524,0.8670337194870648,-0.5090097812026295,False
2012-01-11,-0.16302774965356592,0.0542079385052352,-0.21723568815880112,False
2012-01-12,-0.2745421632029066,0.2399477055081034,-0.51448986871101,False
2012-01-13,-0.37491445516590893,-0.517326075326463,0.1424116201605541,False
2012-01-17,1.164803584873364,0.38808835325532254,0.7767152316180415,False
2012-01-18,1.0383935392240806,1.1056140306358264,-0.0672204914117458,False
2012-01-19,-0.31694145053215994,0.5276468956318725,-0.8445883461640324,False
2012-01-20,-1.7416879004471975,0.372707683162421,-2.1143955836096184,False
2012-01-23,1.6915998104640728,-0.25766649622646076,1.9492663066905336,False
2012-01-24,-1.6377337181718632,-0.11395084801830713,-1.523782870153556,False
2012-01-25,6.243927749819322,0.8367142220240709,5.4072135277952516,False
2012-01-26,-0.45449707632106984,-0.5129616549888527,0.058464578667782874,False
2012-01-27,0.5959947289052137,-0.045485543174494936,0.6414802720797086,False
2012-01-30,1.281081131038575,-0.34138203220013263,1.6224631632387077,False
2012-01-31,0.765986342891134,-0.0380406167606373,0.8040269596517713,False
2012-02-01,-0.06350950737394889,0.8757208877607559,-0.9392303951347047,False
2012-02-02,-0.23453574580721837,0.15850875529332953,-0.3930445011005479,False
2012-02-03,1.0019097203178173,1.4018811310581025,-0.3999714107402852,False
2012-02-06,0.9332548236485882,-0.06690476971835668,1.000159593366945,False
2012-02-07,1.047483300695351,0.2528971578439565,0.7945861428513945,False
2012-02-08,1.6744017145205126,0.2967482485200623,1.3776534660004502,False
2012-02-09,3.4593184267750043,0.12576003352637866,3.3335583932486257,False
2012-02-10,0.0506668480648953,-0.7387754645490796,0.7894423126139749,False
2012-02-13,1.8604933823281655,0.7442739780882057,1.1162194042399598,False
2012-02-14,1.364956427760955,-0.12560207631309162,1.4905585040740466,False
2012-02-15,-2.3142416537033195,-0.4660238369635472,-1.8482178167397723,False
2012-02-16,0.9122483686323513,1.107318266181645,-0.1950698975492937,False
2012-02-17,-0.01790616296823977,0.26457704648730207,-0.28248320945554184,False
2012-02-21,2.535252422372092,0.04401084445539993,2.491241577916692,False
2012-02-22,-0.35158532090985295,-0.3224133387102257,-0.029171982199627244,False
2012-02-23,0.6529927065932251,0.4411079775283877,0.21188472906483735,False
2012-02-24,1.165765092727078,0.21956393206108427,0.9462011606659937,False
2012-02-27,0.6412440285108456,0.16794857975623856,0.47329544875460705,False
2012-02-28,1.8354196454961835,0.29161364535643663,1.543806000139747,False
2012-02-29,1.313032783711221,-0.39254474587592236,1.7055775295871434,False
2012-03-01,0.3742513302682049,0.5181935570707008,-0.1439422268024959,False
2012-03-02,0.13040203634624437,-0.30496715610112135,0.4353691924473657,False
2012-03-05,-2.2047611048506943,-0.4077861095624469,-1.7969749952882474,False
2012-03-06,-0.5439214579275542,-1.462574851475662,0.9186533935481078,False
2012-03-07,0.08108272939062466,0.6976105421730106,-0.6165278127823859,False
2012-03-08,2.1293322185126806,0.9949005247052556,1.134431693807425,False
2012-03-09,0.5867013117702546,0.38678505655225237,0.19991625521800227,False
2012-03-12,1.2527787421327208,0.007249617318194623,1.2455291248145262,False
2012-03-13,2.916696189865564,1.802545957715429,1.114150232150135,False
2012-03-14,3.7810207423831343,-0.10708305520495953,3.888103797588094,False
2012-03-15,-0.6818385543081007,0.5789968323085315,-1.2608353866166322,False
2012-03-16,0.0016943053853024637,0.1384425175130488,-0.13674821212774635,False
2012-03-19,2.6521620653841005,0.3920234427980729,2.2601386225860276,False
2012-03-20,0.8085135467122972,-0.291144967200363,1.0996585139126602,True
2012-03-21,-0.5710382066321018,-0.16377071103247376,-0.40726749559962805,True
2012-03-22,-0.5244849543603713,-0.7203262447298853,0.19584129036951392,True
2012-03-23,-0.5489184142550285,0.32327672788337036,-0.8721951421383989,True
2012-03-26,1.8337418617521806,1.4035365066785266,0.430205355073654,True
2012-03-27,1.235587985063047,-0.3107010553122014,1.5462890403752483,True
2012-03-28,0.5110201296909533,-0.4958740315444743,1.0068941612354276,True
2012-03-29,-1.2563969783618734,-0.1708392524143565,-1.0855577259475169,True
2012-03-30,-1.6905946321811194,0.41357326482427403,-2.1041678970053934,True
2012-04-02,3.1824313437298857,0.7314848319481593,2.4509465117817264,True
2012-04-03,1.728011846239852,-0.4088721365888448,2.1368839828286967,True
2012-04-04,-0.7961481072761623,-0.9911367824389394,0.19498867516277718,True
2012-04-05,1.5008638926684803,-0.050025464727809776,1.55088935739629,True
2012-04-09,0.4024308840663293,-1.1230890329844923,1.5255199170508216,True
2012-04-10,-1.2244047282874093,-1.6784764764842253,0.45407174819681595,True
2012-04-11,-0.35639127647419944,0.8093672104837912,-1.1657584869579907,True
2012-04-12,-0.5477874109135805,1.3066028821988818,-1.8543902931124623,True
2012-04-13,-2.816469627826723,-1.1888586528081224,-1.6276109750186007,True
2012-04-16,-4.147173975245999,-0.06562653269228669,-4.081547442553712,True
2012-04-17,5.097144453296121,1.481214185605051,3.61593026769107,True
2012-04-18,-0.2230859249543804,-0.3379537146972478,0.11486778974286738,True
2012-04-19,-3.4355750487533254,-0.6420645306146833,-2.793510518138642,True
2012-04-20,-2.4614718056069185,0.1669980781944691,-2.6284698838013876,True
2012-04-23,-0.22345279859312672,-0.8409162531222925,0.6174634545291657,True
2012-04-24,-1.9975244113134893,0.3801703119769906,-2.37769472329048,True
2012-04-25,8.874139425449723,1.3691980930245817,7.504941332425141,True
2012-04-26,-0.377058818193865,0.6968798388853115,-1.0739386570791765,True
2012-04-27,-0.7734232255737883,0.16409778587684887,-0.9375210114506372,False
2012-04-30,-3.154214343096484,-0.37041455256041633,-2.783799790536068,False
2012-05-01,-0.3167666561139537,0.6220193039658373,-0.938785960079791,False
2012-05-02,0.6613402565303295,-0.298441763327284,0.9597820198576135,False
2012-05-03,-0.7099586419109238,-0.7625185429669057,0.05255990105598185,False
2012-05-04,-2.847897940012478,-1.6158376182195178,-1.2320603217929604,False
2012-05-07,0.7483042794287353,0.07305521287384042,0.6752490665548949,False
2012-05-08,-0.22829936017437769,-0.4012017680202984,0.1729024078459207,False
2012-05-09,0.17600123930661127,-0.5931907631866462,0.7691920024932575,False
2012-05-10,0.23544786492408765,0.2062899520199668,0.029157912904120842,False
2012-05-11,-0.6678093339028801,-0.30145477077324623,-0.3663545631296339,False
2012-05-14,-1.4981175897068266,-1.1060849409607276,-0.392032648746099,False
2012-05-15,-0.9046507971590789,-0.5741488279160545,-0.33050196924302444,False
2012-05-16,-1.2816947314990834,-0.38247931260942947,-0.899215418889654,False
2012-05-17,-2.922617312482234,-1.4831256321916064,-1.4394916802906277,False
2012-05-18,0.0489587918971246,-0.8558646336806586,0.9048234255777832,False
2012-05-21,5.82602113694648,1.7187997442002612,4.107221392746219,False
2012-05-22,-0.7678403106078702,0.17428904256948652,-0.9421293531773567,False
2012-05-23,2.440005540225032,0.05296083745069957,2.3870447027743324,False
2012-05-24,-0.9184461342232386,0.19655503695443777,-1.1150011711776764,False
2012-05-25,-0.5359397434531621,-0.3244589378992857,-0.21148080555387638,False
2012-05-29,1.7748847781108523,1.2112248008139703,0.563659977296882,False
2012-05-30,1.205710739664978,-1.4510342323269643,2.6567449719919423,False
2012-05-31,-0.24860440034181197,-0.22007968809741874,-0.028524712244393235,False
2012-06-01,-2.8975810522844148,-2.5176793852110135,-0.37990166707340123,False
2012-06-04,0.5882455637562067,-0.046806474956406774,0.6350520387126135,False
2012-06-05,-0.2587326641394827,0.7571956898441812,-1.0159283539836639,False
2012-06-06,1.5332927754729164,2.2468377083360025,-0.7135449328630861,False
2012-06-07,0.0455061279693858,0.060614265333369666,-0.015108137363983865,False
2012-06-08,1.504256208110366,0.7951824905038762,0.7090737176064899,False
2012-06-11,-1.5767042341193083,-1.2697209951624377,-0.3069832389568705,False
2012-06-12,0.8736286537638582,1.1490518386990445,-0.27542318493518625,False
2012-06-13,-0.6942540367534278,-0.639455615070772,-0.05479842168265581,False
2012-06-14,-0.11007477036911739,1.060038223233084,-1.1701129936022014,False
2012-06-15,0.45488287202801736,1.0227163344093126,-0.5678334623812953,False
2012-06-18,2.029179887252286,0.19383290670089703,1.835346980551389,False
2012-06-19,0.27825023173948527,0.967253613091068,-0.6890033813515828,True
2012-06-20,-0.2843098119473586,-0.16211491913575848,-0.12219489281160012,True
2012-06-21,-1.3777636242998659,-2.243885180780947,0.8661215564810809,True
2012-06-22,0.7668951935590362,0.7701614349598929,-0.0032662414008566287,True
2012-06-25,-1.9463978005678673,-1.603454209346411,-0.34294359122145623,True
2012-06-26,0.22071909253020827,0.5025733935676735,-0.2818543010374652,True
2012-06-27,0.43181632463604736,0.9016801633516369,-0.46986383871558957,True
2012-06-28,-0.9486456103761531,-0.2853727468082323,-0.6632728635679208,True
2012-06-29,2.6271749978486136,2.4926709400541647,0.13450405779444896,True
2012-07-02,1.4588933941805493,0.301238801383219,1.1576545927973303,True
2012-07-03,1.1628519776587298,0.6592905002532179,0.5035614774055119,True
2012-07-05,1.7566836769392857,-0.4512330468989689,2.2079167238382547,True
2012-07-06,-0.6656269048484487,-0.9503398314741451,0.28471292662569647,True
2012-07-09,1.3220570977513946,-0.12544692296200255,1.4475040207133971,True
2012-07-10,-0.9252370045075176,-0.872031354289815,-0.053205650217702516,True
2012-07-11,-0.6214592439827471,0.01489468806374905,-0.6363539320464962,True
2012-07-12,-0.9149596181660224,-0.4844560116105012,-0.4305036065555212,True
2012-07-13,1.0135745011079944,1.67772878592507,-0.6641542848170756,True
2012-07-16,0.3206617134035028,-0.23570958520715557,0.5563712986106584,True
2012-07-17,0.00494602337623995,0.6867166809670033,-0.6817706575907634,True
2012-07-18,-0.11206589789146681,0.7406843972647792,-0.852750295156246,True
2012-07-19,1.3294524156970855,0.2620680328838665,1.067384382813219,True
2012-07-20,-1.631041921186438,-0.9148335853872758,-0.7162083357991622,True
2012-07-23,-0.07778378822098642,-1.0111932650545552,0.9334094768335688,True
2012-07-24,-0.48194819175426673,-0.858704584680603,0.3767563929263362,True
2012-07-25,-4.318375925908291,0.022431243362741604,-4.340807169271033,True
2012-07-26,-0.015607036284648323,1.6497025547465016,-1.66530959103115,True
2012-07-27,1.788186206956821,1.8432815612940079,-0.05509535433718682,False
2012-07-30,1.6867470403294282,0.0,1.6867470403294282,False
2012-07-31,2.643502901064121,-0.6994304774086912,3.342933378472812,False
2012-08-01,-0.6467397382260764,-0.087177795910931,-0.5595619423151454,False
2012-08-02,0.16151643294244344,-0.6904151688954308,0.8519316018378742,False
2012-08-03,1.3014532500493114,1.9832899424339745,-0.681836692384663,False
2012-08-06,1.112533909678648,0.1937582837290286,0.9187756259496194,False
2012-08-07,-0.263419736968451,0.5013656251907861,-0.7647853621592371,False
2012-08-08,-0.16908470357017702,0.12114955412552142,-0.29023425769569844,False
2012-08-09,0.5702679670524624,0.08541142314768546,0.48485654390477695,False
2012-08-10,0.15625019128304718,0.16358272663292706,-0.007332535349879876,False
2012-08-13,1.3350691374543366,-0.049689207164838045,1.3847583446191747,False
2012-08-14,0.2682483943744929,0.014172553797964227,0.25407584057652866,False
2012-08-15,-0.13614625401817682,0.11365986979865461,-0.24980612381683143,False
2012-08-16,0.8734735694766016,0.737830272677864,0.13564329679873754,False
2012-08-17,1.8496160809909012,0.13380955187733967,1.7158065291135616,False
2012-08-20,2.6291997623355323,0.007070445591872421,2.62212931674366,False
2012-08-21,-1.3665584982794132,-0.3024358106427649,-1.0641226876366483,False
2012-08-22,1.9525400510765012,0.042350424681592,1.9101896263949092,False
2012-08-23,-0.9329290829990677,-0.8179416104905468,-0.11498747250852093,False
2012-08-24,0.08902041420151274,0.6042491208139156,-0.5152287066124028,False
2012-08-27,1.8787559531669773,0.02123655698935689,1.8575193961776204,False
2012-08-28,-0.1303189801886151,-0.09887325909681,-0.0314457210918051,False
2012-08-29,-0.19704266151454597,0.07771805343577132,-0.2747607149503173,False
2012-08-30,-1.4254535771317411,-0.720764368366611,-0.7046892087651302,False
2012-08-31,0.20633429398826397,0.4769045500831792,-0.27057025609491525,False
2012-09-04,1.4626604362983908,-0.09208643389647664,1.5547468701948675,False
2012-09-05,-0.7022769444620103,-0.08509123724909085,-0.6171857072129194,False
2012-09-06,0.9012458918750577,2.0296674282854754,-1.1284215364104178,False
2012-09-07,0.6165858763470311,0.3894595112788224,0.2271263650682087,False
2012-09-10,-2.6012602164811605,-0.5681032784878526,-2.033156937993308,False
2012-09-11,-0.3243952179080689,0.2787202130034361,-0.603115430911505,False
2012-09-12,1.3926808905833754,0.33352655929113073,1.0591543312922447,False
2012-09-13,1.9692994933609986,1.523662257345615,0.44563723601538374,False
2012-09-14,1.2152151118226096,0.44340986542728,0.7718052463953295,False
2012-09-17,1.2296365577578072,-0.3395398643759373,1.5691764221337445,False
2012-09-18,0.30433790330359756,-0.081832871706089,0.38617077500968655,False
2012-09-19,0.02709267453957498,0.054586730541239525,-0.027494056001664546,False
2012-09-20,-0.4842259257989867,0.0068262140866970356,-0.49105213988568375,True
2012-09-21,0.19891252933228465,-0.041838208928957066,0.24075073826124171,True
2012-09-24,-1.3283957942876956,-0.15077692042313462,-1.177618873864561,True
2012-09-25,-2.4971627837903743,-1.0641948949833169,-1.4329678888070574,True
2012-09-26,-1.2411604735725001,-0.562134803222436,-0.6790256703500641,True
2012-09-27,2.426399894974973,0.9421809872190101,1.484218907755963,True
2012-09-28,-2.0871479563782436,-0.46326336919104705,-1.6238845871871965,True
2012-10-01,-1.1557761897859398,0.26395429551757665,-1.4197304853035164,True
2012-10-02,0.29117260766731157,0.10392099577476444,0.18725161189254713,True
2012-10-03,1.533365322732072,0.40829916132298916,1.1250661614090829,True
2012-10-04,-0.6925474101007301,0.7167984950700701,-1.4093459051708002,True
2012-10-05,-2.13104007021635,0.006849383634510708,-2.137889453850861,True
2012-10-08,-2.2096973338503467,-0.34212962255631973,-1.867567711294027,True
2012-10-09,-0.36354774252004285,-0.9887506297522219,0.6252028872321791,True
2012-10-10,0.7958176252271354,-0.6379632162695215,1.4337808414966569,True
2012-10-11,-1.9987348953680262,0.05579094342242907,-2.0545258387904552,True
2012-10-12,0.2563362696312854,-0.32780552827945675,0.5841417979107422,True
2012-10-15,0.8019680538195795,0.832796924564283,-0.03082887074470353,True
2012-10-16,2.3677682631860097,1.0133029240034785,1.3544653391825312,True
2012-10-17,-0.7971543081289778,0.45348190092884266,-1.2506362090578205,True
2012-10-18,-1.8569103972285839,-0.2599018031716138,-1.59700859405697,True
2012-10-19,-3.6039232828380507,-1.666426868642601,-1.9374964141954498,True
2012-10-22,3.9665786940005,0.013893410959253671,3.9526852830412462,True
2012-10-23,-3.2601044160277204,-1.387584465405145,-1.8725199506225754,True
2012-10-24,0.5657327196818995,-0.2828278318919297,0.8485605515738293,True
2012-10-25,-1.1818625507435732,0.2906866439744471,-1.4725491947180203,True
2012-10-26,-0.9088443108689948,-0.05651395265185988,-0.8523303582171349,True
2012-10-31,-1.437108672221965,0.0,-1.437108672221965,False
2012-11-01,0.20494697992803346,1.0470355066775516,-0.8420885267495182,False
2012-11-02,-3.309046961142692,-0.8891607490916553,-2.4198862120510367,False
2012-11-05,1.3557314227401474,0.20486095554688166,1.1508704671932657,False
2012-11-06,-0.30276206612607215,0.7825018756190127,-1.085263941745085,False
2012-11-07,-3.826282579268625,-2.2663484144972434,-1.5599341647713816,False
2012-11-08,-3.629003924364982,-1.2024193173986064,-2.4265846069663755,False
2012-11-09,1.7312762941785298,0.08693985581649244,1.6443364383620374,False
2012-11-12,-0.7732707160777008,0.0796059047965425,-0.8528766208742433,False
2012-11-13,0.012936603096536103,-0.34717400747692473,0.36011061057346083,False
2012-11-14,-1.108885751013744,-1.3498734535108192,0.24098770249707524,False
2012-11-15,-2.0972748336882785,-0.1691942433034055,-1.928080590384873,False
2012-11-16,0.39193033666131694,0.4937551533300555,-0.10182481666873855,False
2012-11-19,7.210774855476942,2.023941747356295,5.186833108120648,False
2012-11-20,-0.8519803269328663,0.043094762893369776,-0.8950750898262361,False
2012-11-21,0.1408287351307269,0.1867418925994846,-0.04591315746875768,False
2012-11-23,1.7446689455324682,1.3625492943253548,0.38211965120711344,False
2012-11-26,3.154874905043914,-0.21224631193691446,3.3671212169808284,False
2012-11-27,-0.8057052701251233,-0.510480070698649,-0.2952251994264743,False
2012-11-28,-0.31462679906281155,0.8052222342316062,-1.1198490332944178,False
2012-11-29,1.1012900975158946,0.4665885594705932,0.6347015380453014,False
2012-11-30,-0.6923147680696906,0.021114383005294002,-0.7134291510749846,False
2012-12-03,0.1555042617193303,-0.492467893177273,0.6479721548966033,False
2012-12-04,-1.763918137629017,-0.14134315047037438,-1.6225749871586426,False
2012-12-05,-6.435733252706088,0.17700055666123315,-6.612733809367321,False
2012-12-06,1.5683382129405787,0.3391674275211365,1.2291707854194422,False
2012-12-07,-2.5564370021416427,0.3029018205900069,-2.8593388227316496,False
2012-12-10,-0.6432481347352748,0.04212248960471232,-0.6853706243399871,False
2012-12-11,2.183753386887388,0.6808297520987106,1.5029236347886776,False
2012-12-12,-0.44143355523775796,0.04880457311060571,-0.49023812834836367,False
2012-12-13,-1.727273471516766,-0.6132065507324369,-1.114066920784329,False
2012-12-14,-3.7568995023075646,-0.37156778704922067,-3.385331715258344,False
2012-12-17,1.7732075889787868,1.175209746165784,0.5979978428130028,False
2012-12-18,2.9046484070160083,1.1129132992784507,1.7917351077375576,False
2012-12-19,-1.4216080072126491,-0.742958370286062,-0.6786496369265871,True
2012-12-20,-0.8702192795442931,0.5752347765350052,-1.4454540560792983,True
2012-12-21,-0.45997077993317204,-0.9077184920071146,0.4477477120739426,True
2012-12-24,0.16172975581707494,-0.3081308229203161,0.46986057873739107,True
2012-12-26,-1.3783668050876718,-0.42150944123280354,-0.9568573638548683,True
2012-12-27,0.4015412104592109,-0.13401018431558054,0.5355513947747914,True
2012-12-28,-1.0619963671395727,-1.08084458834794,0.018848221208367377,True
2012-12-31,4.430966941302272,1.699661248378681,2.7313056929235913,True
2013-01-02,3.16818524256941,2.5629788322838687,0.6052064102855415,True
2013-01-03,-1.2622304951029784,-0.22591941448596442,-1.036311080617014,True
2013-01-04,-2.7854806133321475,0.4391698423068746,-3.224650455639022,True
2013-01-07,-0.5882282227180013,-0.2732777193555247,-0.31495050336247665,True
2013-01-08,0.2691817003851238,-0.28771579011594994,0.5568974905010737,True
2013-01-09,-1.562904157842382,0.25419464497316024,-1.8170988028155421,True
2013-01-10,1.2396290213199768,0.7949408378654432,0.44468818345453354,True
2013-01-11,-0.6132035457072638,-0.0067572185936781715,-0.6064463271135856,True
2013-01-14,-3.56526367816411,-0.0680186002411487,-3.4972450779229614,True
2013-01-15,-3.1549267037801476,0.06806489703137242,-3.22299160081152,True
2013-01-16,4.150863087218903,-0.013612816918728843,4.164475904137632,True
2013-01-17,-0.6737893399549888,0.6460762162888267,-1.3198655562438155,True
2013-01-18,-0.5331060198976556,0.222919140478961,-0.7560251603766166,True
2013-01-22,0.9539771805708197,0.5393591471685388,0.41461803340228087,True
2013-01-23,1.8305240575008819,0.16094354595619365,1.6695805115446882,True
2013-01-24,-12.355777771250676,0.02677442460898849,-12.382552195859663,True
2013-01-25,-2.3573980404095973,0.5621827704182181,-2.9195808108278154,True
2013-01-28,2.261964336280853,-0.11973157992449801,2.381695916205351,False
2013-01-29,1.8762559271493506,0.39312030863272174,1.483135618516629,False
2013-01-30,-0.31419014673234047,-0.3915809244937951,0.07739077776145464,False
2013-01-31,-0.29333677201635044,-0.2466211457525902,-0.046715626263760246,False
2013-02-01,-0.4105829156403784,1.0287699771115655,-1.439352892751944,False
2013-02-04,-2.4910454159825512,-1.1240738738678369,-1.3669715421147144,False
2013-02-05,3.508768304429166,1.0097662543085972,2.499002050120569,False
2013-02-06,-0.1070152875245034,0.07286928207370647,-0.17988456959820986,False
2013-02-07,2.973381123368135,-0.1323057719910259,3.105686895359161,False
2013-02-08,1.4437753996873415,0.5564102901719936,0.8873651095153479,False
2013-02-11,1.042137690190148,-0.01977353043827179,1.0619112206284198,False
2013-02-12,-2.506601620822535,0.16472385787167365,-2.6713254786942087,False
2013-02-13,-0.19022001376002295,0.08551101553870843,-0.2757310292987314,False
2013-02-14,-0.08991995976180833,0.09202653394044802,-0.18194649370225635,False
2013-02-15,-1.3780727049487962,-0.11820925095633594,-1.2598634539924602,False
2013-02-19,-0.03692969397998125,0.7494420068115737,-0.7863717007915549,False
2013-02-20,-2.421801623612996,-1.2463365052442499,-1.175465118368746,False
2013-02-21,-0.6216255746144372,-0.6078717007867107,-0.013753873827726526,False
2013-02-22,1.064898123914837,0.9772711260145339,0.08762699790030304,False
2013-02-25,-1.776783157285966,-1.9027147485040197,0.12593159121805364,False
2013-02-26,1.3934020241224365,0.6845748491825843,0.7088271749398523,False
2013-02-27,-0.980040989522013,1.259850795659867,-2.23989178518188,False
2013-02-28,-0.7130467659884898,-0.19751032687685965,-0.5155364391116302,False
2013-03-01,-2.4762127069973827,0.3297954167879258,-2.8060081237853085,False
2013-03-04,-2.4206118457431036,0.5325272004206294,-2.953139046163733,False
2013-03-05,2.640163155152564,0.895846431896663,1.744316723255901,False
2013-03-06,-1.271062419354807,0.13611903853643081,-1.4071814578912378,False
2013-03-07,1.1558862986336127,0.18126595958138925,0.9746203390522234,False
2013-03-08,0.2647317629573598,0.4263828888706467,-0.1616511259132869,False
2013-03-11,1.4245256813183227,0.37957625123188343,1.0449494300864393,False
2013-03-12,-2.1558776054535267,-0.22433302908202446,-1.9315445763715022,False
2013-03-13,-0.01866576770612749,0.14135513710338277,-0.16002090480951026,False
2013-03-14,0.9688478796096467,0.5323432253614646,0.4365046542481821,False
2013-03-15,2.580326927195631,-0.13199390735439964,2.7123208345500305,False
2013-03-18,2.7182939980398446,-0.5518859420252986,3.2701799400651432,False
2013-03-19,-0.26988990623439957,-0.23227123809336225,-0.037618668141037315,True
2013-03-20,-0.5302778591170787,0.6985036688164747,-1.2287815279335534,True
2013-03-21,0.14378788043674096,-0.8542876687031575,0.9980755491398985,True
2013-03-22,2.0277277443076613,0.8033420865050767,1.2243856578025847,True
2013-03-25,0.3615207834085421,-0.41772715194081655,0.7792479353493587,True
2013-03-26,-0.5263557066278679,0.8002767917090203,-1.3266324983368882,True
2013-03-27,-1.9646940424424386,0.0,-1.9646940424424386,True
2013-03-28,-2.0836973836275807,0.3072981935198227,-2.3909955771474034,True
2013-04-01,-3.1062148649218746,-0.3957454855356035,-2.710469379386271,True
2013-04-02,0.20516670580239538,0.4934389116408644,-0.288272205838469,True
2013-04-03,0.5118738757235564,-1.013900968551673,1.5257748442752295,True
2013-04-04,-0.9884304700220392,0.4058459019940175,-1.3942763720160567,True
2013-04-05,-1.0567765750252422,-0.4490954637952016,-0.6076811112300406,True
2013-04-08,0.7112525941882497,0.6766698811081717,0.03458271308007799,True
2013-04-09,0.18068200232272957,0.34570824969317737,-0.1650262473704478,True
2013-04-10,2.0398773827833727,1.2249110195438728,0.8149663632394999,True
2013-04-11,-0.3121311926284176,0.32769058276469476,-0.6398217753931124,True
2013-04-12,-1.0429951694655215,-0.2449935974034423,-0.7980015720620792,True
2013-04-15,-2.315029490059939,-2.3173895400838362,0.0023600500238973865,True
2013-04-16,1.5219562088664595,1.4762875894409166,0.0456686194255429,True
2013-04-17,-5.499235822090231,-1.4611385309800218,-4.038097291110209,True
2013-04-18,-2.668835714322393,-0.6253959289062583,-2.0434397854161346,True
2013-04-19,-0.38768695860683655,0.8693346425148629,-1.2570216011216995,True
2013-04-22,2.0843448581161272,0.4438232622597571,1.6405215958563701,True
2013-04-23,1.8712057526949488,1.0309020851671624,0.8403036675277864,True
2013-04-24,-0.1649711618742833,0.0633921665058379,-0.2283633283801212,True
2013-04-25,0.7201988149685645,0.4054034265764228,0.3147953883921417,True
2013-04-26,2.159734007619396,-0.17661897930218995,2.336352986921586,False
2013-04-29,3.096844119015607,0.6698420699611685,2.4270020490544386,False
2013-04-30,2.9433441012034045,0.23851758249706645,2.704826518706338,False
2013-05-01,-0.788186913199862,-0.8767335789038211,0.08854666570395908,False
2013-05-02,1.4181747704290926,0.9287279206295906,0.4894468497995019,False
2013-05-03,1.0010928814158326,1.0141064904721109,-0.013013609056278241,False
2013-05-06,2.384561001997798,0.2540589771514279,2.13050202484637,False
2013-05-07,-0.4449535137914684,0.5068420679974928,-0.9517955817889612,False
2013-05-08,1.1293594935283702,0.45510147218128516,0.674258021347085,False
2013-05-09,-0.8724035937077601,-0.28160918669882795,-0.5907944070089322,False
2013-05-10,-0.8319521078228198,0.3254064835737758,-1.1573585913965956,False
2013-05-13,0.3907802740286348,0.07956526832231248,0.3112150057063223,False
2013-05-14,-2.392586127226981,1.0333749052183094,-3.4259610324452905,False
2013-05-15,-3.3817130535051088,0.5385920325138294,-3.920305086018938,False
2013-05-16,1.3361426484788108,-0.4695122845214672,1.805654933000278,False
2013-05-17,-0.30374332868533527,0.9677022873758379,-1.2714456160611731,False
2013-05-20,2.2318998797146605,-0.00601816871457217,2.2379180484292327,False
2013-05-21,-0.738243434648056,0.14381781177386088,-0.8820612464219169,False
2013-05-22,0.38437821564589747,-0.7417772102784603,1.1261554259243578,False
2013-05-23,0.17900752848716284,-0.2893231501064242,0.468330678593587,False
2013-05-24,0.6808000706893136,-0.0845646461815397,0.7653647168708533,False
2013-05-28,-0.8334586857098758,0.5988878619024307,-1.4323465476123065,False
2013-05-29,0.7951408225389978,-0.6494427790109558,1.4445836015499536,False
2013-05-30,1.4900867275783547,0.3692485581086702,1.1208381694696845,False
2013-05-31,-0.40969943701484324,-1.4352557204723504,1.0255562834575072,False
2013-06-03,0.2201246891009534,0.5506274841333259,-0.33050279503237245,False
2013-06-04,-0.31281311269248935,-0.4807164076529813,0.16790329496049194,False
2013-06-05,-0.934781334470336,-1.4000681263259374,0.4652867918556014,False
2013-06-06,-1.4940340885645775,0.9053443658265214,-2.399378454391099,False
2013-06-07,0.7640446470619011,1.2719913201088673,-0.5079466730469662,False
2013-06-10,-0.6609315286012718,0.0,-0.6609315286012718,False
2013-06-11,-0.2938875239376748,-1.031501805110835,0.7376142811731601,False
2013-06-12,-1.2362883903196065,-0.8276842690056685,-0.408604121313938,False
2013-06-13,0.8722810095819655,1.5207842196153676,-0.648503210033402,False
2013-06-14,-1.3556169772055648,-0.627222128685001,-0.7283948485205638,False
2013-06-17,0.45343250359672904,0.7721586766898714,-0.31872617309314233,False
2013-06-18,-0.05322374401584007,0.79059972712483,-0.84382347114067,True
2013-06-19,-2.0311712885166533,-1.3817207097148954,-0.6494505788017579,True
2013-06-20,-1.4562974613630542,-2.4778294993095473,1.0215320379464932,True
2013-06-21,-0.8012457400050188,0.32105106592057453,-1.1222968059255933,True
2013-06-24,-2.650548803600994,-1.2636084410083792,-1.3869403625926147,True
2013-06-25,0.022372743517795612,0.9614452379209215,-0.9390724944031259,True
2013-06-26,-1.1325513928382769,0.990062609428044,-2.122614002266321,True
2013-06-27,-1.077723533086361,0.5870153828406499,-1.664738915927011,True
2013-06-28,0.6983589564561798,-0.40976416586988584,1.1081231223260657,True
2013-07-01,3.2002572490446024,0.5859672045731568,2.6142900444714456,True
2013-07-02,2.2652551311304725,-0.09297303992984451,2.358228171060317,True
2013-07-03,0.5520381418990583,0.04345362508433315,0.5085845168147252,True
2013-07-05,-0.8032410760403175,1.0788389436847012,-1.8820800197250187,True
2013-07-08,-0.5677792703179141,0.5704680025074405,-1.1382472728253545,True
2013-07-09,1.7588311510544408,0.719773961467518,1.0390571895869227,True
2013-07-10,-0.38359210795151366,0.036335576587132046,-0.4199276845386457,True
2013-07-11,1.559225800990638,1.3620548245629083,0.19717097642772963,True
2013-07-12,-0.18252995818290874,0.04180291046829154,-0.22433286865120028,True
2013-07-15,0.21799278763341423,0.3820351070037198,-0.16404231937030556,True
2013-07-16,0.645709904733005,-0.3746602516811026,1.0203701564141077,True
2013-07-17,0.025594380090665503,0.2566748221399573,-0.2310804420492918,True
2013-07-18,0.3369606995656582,0.5478172229569589,-0.21085652339130068,True
2013-07-19,-1.5772531995438932,0.17767667239345641,-1.7549298719373496,True
2013-07-22,0.3200399214785765,0.19506189304692167,0.12497802843165484,True
2013-07-23,-1.717085381451,-0.2124038677358553,-1.5046815137151448,True
2013-07-24,5.13617347776143,-0.36658095057020557,5.502754428331635,True
2013-07-25,-0.4562693092055148,0.24329096604405187,-0.6995602752495667,True
2013-07-26,0.5678376273749564,0.10657712634363214,0.4612605010313242,False
2013-07-29,1.541981871452558,-0.3075044792637649,1.8494863507163228,False
2013-07-30,1.2349618439801757,0.0,1.2349618439801757,False
2013-07-31,-0.17428761824501704,0.0711460498056038,-0.24543366805062083,False
2013-08-01,0.917054671619999,1.155859508533652,-0.23880483691365306,False
2013-08-02,1.283198044235112,0.1699681901620842,1.1132298540730279,False
2013-08-05,1.4939045565875775,-0.14628446105159343,1.640189017639171,False
2013-08-06,-0.894665026467345,-0.5682537662002995,-0.3264112602670455,False
2013-08-07,-0.05806483255040851,-0.3240566960379665,0.265991863487558,False
2013-08-08,-0.19910709772616997,0.36651678934425114,-0.5656238870704211,False
2013-08-09,-1.422981033337145,-0.2885644667420695,-1.1344165665950756,False
2013-08-12,2.8408169898213043,-0.11814326368753125,2.9589602535088355,False
2013-08-13,4.752189858906086,0.2956403623525228,4.4565494965535635,False
2013-08-14,1.8240429087279297,-0.5129385181295021,2.336981426857432,False
2013-08-15,-0.11831857835562509,-1.3985714340197353,1.2802528556641102,False
2013-08-16,0.8877014029894603,-0.3305699755365987,1.218271378526059,False
2013-08-19,1.077008850928296,-0.6392150676835406,1.7162239186118367,False
2013-08-20,-1.3136816274790464,0.4916020990186176,-1.805283726497664,False
2013-08-21,0.25743874280572676,-0.6159803731273117,0.8734191159330384,False
2013-08-22,0.11945324837239202,0.9114896044682963,-0.7920363560959043,False
2013-08-23,-0.3857369202140526,0.33720239187560175,-0.7229393120896543,False
2013-08-26,0.3891934919776796,-0.3720911739814481,0.7612846659591277,False
2013-08-27,-2.859035938487431,-1.6084591049571828,-1.250576833530248,False
2013-08-28,0.47280328795673565,0.3551111178067723,0.11769217014996336,False
2013-08-29,0.1629639942684058,0.15867621472294147,0.004287779545464332,False
2013-08-30,-0.91109596999569,-0.3167920176297634,-0.5943039523659266,False
2013-09-03,0.27912739602862224,0.4521956128570759,-0.17306821682845364,False
2013-09-04,2.0692562488804356,0.8273217200793992,1.2419345288010364,False
2013-09-05,-0.6858087953494296,0.12665313690050084,-0.8124619322499305,False
2013-09-06,0.5956820683630903,0.048231773459161964,0.5474502949039284,False
2013-09-09,1.5956402138577408,0.9576499137969208,0.63799030006082,False
2013-09-10,-2.277902254312403,0.7396755039002612,-3.017577758212664,False
2013-09-11,-5.444312655089645,0.3138371705158072,-5.758149825605452,False
2013-09-12,1.0647270043927959,-0.2656588554143635,1.3303858598071594,False
2013-09-13,-1.6480161103122004,0.22493717264349122,-1.8729532829556916,False
2013-09-16,-3.1791570484849485,0.5787868402479468,-3.7579438887328953,False
2013-09-17,1.1552398509001804,0.4462260937407203,0.7090137571594601,False
2013-09-18,2.0556673537569514,1.1573727801642342,0.8982945735927172,False
2013-09-19,1.6398667581637882,-0.16751142446509437,1.8073781826288826,False
2013-09-20,-1.035371176723221,-0.6991627904938347,-0.3362083862293863,False
2013-09-23,4.969931961257612,-0.4627667145141068,5.432698675771719,True
2013-09-24,-0.31386623127745983,-0.2354131263157977,-0.07845310496166213,True
2013-09-25,-1.5477345781070517,-0.2889999043370395,-1.2587346737700122,True
2013-09-26,0.9739528669212572,0.3844963271942836,0.5894565397269735,True
2013-09-27,-0.7136762452125578,-0.4597038199351644,-0.2539724252773934,True
2013-09-30,-1.2428579024478692,-0.532761337417742,-0.7100965650301272,True
2013-10-01,2.351331913716881,0.7915664899595276,1.5597654237573533,True
2013-10-02,0.3279170611938609,-0.09442441041749294,0.4223414716113538,True
2013-10-03,-1.256244425184394,-0.9221121313380154,-0.33413229384637866,True
2013-10-04,-0.07854135832343623,0.7576962178342583,-0.8362375761576946,True
2013-10-07,0.9770869771376756,-0.8644964253116338,1.8415834024493094,True
2013-10-08,-1.3961814500745628,-1.1646710231298485,-0.23151042694471435,True
2013-10-09,1.174788952935324,0.07251856958003788,1.102270383355286,True
2013-10-10,0.626753954869308,2.155792953518576,-1.529038998649268,True
2013-10-11,0.64746383418266,0.644320972231216,0.003142861951443976,True
2013-10-14,0.6554165273002344,0.3993647159354019,0.25605181136483246,True
2013-10-15,0.5322122948802077,-0.7253610249024711,1.2575733197826788,True
2013-10-16,0.4872863079772305,1.3965893535146767,-0.9093030455374462,True
2013-10-17,0.6765043207703547,0.6682939981287772,0.008210322641577505,True
2013-10-18,0.8701720875290642,0.6754709065683429,0.1947011809607213,True
2013-10-21,2.4504223993405683,0.005713749365576781,2.4447086499749915,True
2013-10-22,-0.2857925172424558,0.5791725969980455,-0.8649651142405013,True
2013-10-23,0.9791314846625321,-0.47890351519132013,1.4580349998538522,True
2013-10-24,1.3238449140897002,0.33225344400176215,0.991591470087938,True
2013-10-25,-1.1185778578213679,0.45670811825888613,-1.575285976080254,True
2013-10-28,0.7452639857828958,0.15914467392041942,0.5861193118624763,True
2013-10-29,-2.4910825781626955,0.5333980614900424,-3.024480639652738,True
2013-10-30,1.590914545871236,-0.496663975818723,2.087578521689959,True
2013-10-31,-0.41915171357176373,-0.2836341109284435,-0.13551760264332025,False
2013-11-01,-0.5108003864697674,0.23892348351681747,-0.7497238699865849,False
2013-11-04,1.2922458587901975,0.35185488647613283,0.9403909723140647,False
2013-11-05,-0.24678453269105782,-0.3166945908828045,0.06991005819174667,False
2013-11-06,-0.28328541871117663,0.5105587861226724,-0.793844204833849,False
2013-11-07,-1.6182966085418582,-1.2643157947670791,-0.3539808137747791,False
2013-11-08,1.5746992229453527,1.3491602702950578,0.2255389526502949,False
2013-11-11,-0.2901102971967884,0.01690335435433621,-0.3070136515511246,False
2013-11-12,0.18491046272397504,-0.20303966762426073,0.3879501303482358,False
2013-11-13,0.11923443052344052,0.8024536951785066,-0.6832192646550661,False
2013-11-14,1.4463181091953548,0.49892298989704376,0.947395119298311,False
2013-11-15,-0.6001872630832072,0.43506410541984675,-1.035251368503054,False
2013-11-18,-1.2114292862634657,-0.3498640789090346,-0.8615652073544311,False
2013-11-19,0.1773889078399371,-0.21739742070998602,0.3947863285499231,False
2013-11-20,-0.8757811009434069,-0.31278196564564764,-0.5629991352977592,False
2013-11-21,1.1922479791736773,0.8069045037058187,0.38534347546785863,False
2013-11-22,-0.2571261623244725,0.5002078746541461,-0.7573340369786186,False
2013-11-25,0.758023418092213,-0.09956031780128383,0.8575837358934968,False
2013-11-26,1.8443925776257863,0.02769652987300031,1.816696047752786,False
2013-11-27,2.354706519400862,0.2435181116530405,2.1111884077478216,False
2013-11-29,1.8517863583006777,-0.06627727424751706,1.9180636325481948,False
2013-12-02,-0.8703879655825864,-0.25962373290600027,-0.6107642326765861,False
2013-12-03,2.737547182356037,-0.4320796949775274,3.1696268773335645,False
2013-12-04,-0.23313832569958892,-0.011118177423685704,-0.22202014827590322,False
2013-12-05,0.5132517849479656,-0.4395364849866912,0.9527882699346568,False
2013-12-06,-1.3875869617262837,1.1176713933681581,-2.505258355094442,False
2013-12-09,1.1446900624941359,0.2542340769019047,0.8904559855922312,False
2013-12-10,-0.1554170934050636,-0.3583603394621049,0.20294324605704128,False
2013-12-11,-0.7408699290401,-1.1230595857573467,0.3821896567172467,False
2013-12-12,-0.1460966549266418,-0.33012413565453036,0.18402748072788855,False
2013-12-13,-1.0899944501434944,-0.011229864757322794,-1.0787645853861716,False
2013-12-16,0.5537149164525301,0.6232005874873048,-0.06948567103477465,False
2013-12-17,-0.4501927837676001,-0.3180626210155024,-0.13213016275209766,False
2013-12-18,-0.7603735321403682,1.707264355745619,-2.4676378878859873,False
2013-12-19,-1.145715346375753,-0.11557612453734212,-1.030139221838411,False
2013-12-20,0.837570844642177,0.5816939719720304,0.2558768726701466,False
2013-12-23,3.8377543733260966,0.5342699756638813,3.3034843976622152,True
2013-12-24,-0.4245021955354922,0.21912869299844928,-0.6436308885339415,True
2013-12-26,-0.6641063038048789,0.5083832907487373,-1.1724895945536162,True
2013-12-27,-0.675677959808274,-0.00542075889808924,-0.6702572009101848,True
2013-12-30,-0.9944735731485244,-0.016344677871260593,-0.9781288952772638,True
2013-12-31,1.1721891839532095,0.4733087729010599,0.6988804110521496,True
2014-01-02,-1.4063786361188546,-0.9583575638674291,-0.4480210722514255,True
2014-01-03,-2.1965965288471945,-0.016407294179099363,-2.180189234668095,True
2014-01-06,0.5453046882699208,-0.2898278160131107,0.8351325042830315,True
2014-01-07,-0.7151820599088365,0.6142250700478913,-1.3294071299567278,True
2014-01-08,0.633328015746426,0.02179941009876618,0.6115286056476599,True
2014-01-09,-1.2770600462852832,0.06539418524622587,-1.3424542315315091,True
2014-01-10,-0.6672485239145098,0.27226029912723604,-0.9395088230417459,True
2014-01-13,0.5235199760739828,-1.3305223524662346,1.8540423285402174,True
2014-01-14,1.9898439983976335,1.0897792952038854,0.9000647031937481,True
2014-01-15,2.0077099103736673,0.5390155675488728,1.4686943428247945,True
2014-01-16,-0.5579863989229272,-0.13000124076414377,-0.42798515815878346,True
2014-01-17,-2.4501662327507057,-0.4229067103209361,-2.0272595224297696,True
2014-01-21,1.5536326379090415,0.29404071499341544,1.259591922915626,True
2014-01-22,0.4444156743600658,0.06517002439272446,0.37924564996734134,True
2014-01-23,0.8467326962294575,-0.8193653461093353,1.6660980423387928,True
2014-01-24,-1.8177594691049959,-2.133574144860806,0.31581467575581,True
2014-01-27,0.8112505054761465,-0.49190293894491033,1.3031534444210569,True
2014-01-28,-7.99267717437856,0.5954305386816738,-8.588107713060234,True
2014-01-29,-1.1353075331243967,-0.960501822420623,-0.1748057107037737,True
2014-01-30,-0.19369434227213267,1.060049656519868,-1.2537439987920007,False
2014-01-31,0.16407320876441478,-0.5858168661949104,0.7498900749593251,False
2014-02-03,0.18579244839991294,-2.2505666633511834,2.4363591117510963,False
2014-02-04,1.4474990250957998,0.7005032221534702,0.7469958029423296,False
2014-02-05,0.7469313613214235,-0.12548583301476013,0.8724171943361836,False
2014-02-06,0.5828963370287488,1.318754067398098,-0.7358577303693492,False
2014-02-07,1.3989650870282366,1.2396169047957928,0.15934818223244385,False
2014-02-10,1.7915183967951664,0.18358862801490794,1.6079297687802585,False
2014-02-11,1.3175671771832098,1.0944031898038276,0.22316398737938226,False
2014-02-12,-0.007436129690663318,0.04947614073336215,-0.05691227042402547,False
2014-02-13,1.587937061940048,0.5162688907503821,1.0716681711896658,False
2014-02-14,-0.08083920072485817,0.5518923449083113,-0.6327315456331695,False
2014-02-18,0.36764400176640954,0.11955002847496843,0.24809397329144112,False
2014-02-19,-1.5787909836983194,-0.6622258643096957,-0.9165651193886237,False
2014-02-20,-1.1574701552223066,0.5901661360409038,-1.7476362912632104,False
2014-02-21,-1.1107549904681768,-0.11408436686992651,-0.9966706235982503,False
2014-02-24,0.43783177493523784,0.5546914660523816,-0.11685969111714378,False
2014-02-25,-1.0406677774662199,-0.037871672779021814,-1.002796104687198,False
2014-02-26,-0.9021373893140616,0.005412288692685507,-0.9075496780067471,False
2014-02-27,1.9947639042587006,0.5247203548809809,1.4700435493777197,False
2014-02-28,-0.27103746287526764,0.2529352506728699,-0.5239727135481376,False
2014-03-03,0.288860863917928,-0.7031796192855988,0.9920404832035268,False
2014-03-04,0.6594040183894645,1.4055527552461644,-0.7461487368566999,False
2014-03-05,0.21080939831814582,0.09063496610102195,0.12017443221712387,False
2014-03-06,-0.3023959968355028,0.22904144548561156,-0.5314374423211143,False
2014-03-07,-0.058379960137167064,0.04249993603604452,-0.10087989617321158,False
2014-03-10,0.09043865860847156,-0.053139668762736125,0.14357832737120768,False
2014-03-11,0.9737549238373111,-0.4942127612969416,1.4679676851342527,False
2014-03-12,0.09701111580000532,0.026675970903777824,0.0703351448962275,False
2014-03-13,-1.1106849502946714,-1.1213223911661019,0.010637440871430481,False
2014-03-14,-1.1231366777658347,-0.28079077480650527,-0.8423459029593294,False
2014-03-17,0.390743639668667,0.9043374902821144,-0.5135938506134474,False
2014-03-18,0.8846520778914346,0.7138068411239651,0.17084523676746954,False
2014-03-19,-0.026364813326884562,-0.5329060314987699,0.5065412181718854,True
2014-03-20,-0.4818600333467038,0.5839767264423479,-1.0658367597890517,True
2014-03-21,0.7887056819135596,-0.3878856892202798,1.1765913711338394,True
2014-03-24,1.1860577134302108,-0.4135173628008082,1.599575076231019,True
2014-03-25,1.0757132678331782,0.47461111189903704,0.6011021559341412,True
2014-03-26,-0.9559955368779627,-0.7192257486061671,-0.23676978827179562,True
2014-03-27,-0.429794559717922,-0.21088126345234492,-0.2189132962655771,True
2014-03-28,-0.11166277795564561,0.49301528833447517,-0.6046780662901208,True
2014-03-31,-0.022362075013826477,0.819420661849346,-0.8417827368631725,True
2014-04-01,0.9147610520862548,0.6630846947748736,0.25167635731138116,True
2014-04-02,0.16618730480666422,0.33463445837251804,-0.16844715356585382,True
2014-04-03,-0.6930070172734615,-0.13232505590733412,-0.5606819613661274,True
2014-04-04,-1.293647528754971,-1.182219871933432,-0.11142765682153888,True
2014-04-07,-1.5701111091188324,-1.105105278188545,-0.46500583093028736,True
2014-04-08,-0.005663458385607445,0.4122459395145883,-0.41790939790019577,True
2014-04-09,1.3143704557660563,1.0751194008900233,0.23925105487603293,True
2014-04-10,-1.2898036697507886,-2.1006189550690557,0.8108152853182671,True
2014-04-11,-0.7393062854170851,-0.9008534701438253,0.16154718472674023,True
2014-04-14,0.39838711157402784,0.7878684434082572,-0.3894813318342294,True
2014-04-15,-0.713032716687112,0.6886948138266735,-1.4017275305137855,True
2014-04-16,0.20271343563929012,1.0478179395698506,-0.8451045039305605,True
2014-04-17,1.1425303993833236,0.13968130536232692,1.0028490940209966,True
2014-04-21,1.186787092831576,0.3487511963273793,0.8380358965041967,True
2014-04-22,0.09977396076845668,0.45445049254906333,-0.35467653178060665,True
2014-04-23,-1.3071501689063347,-0.2342084042826431,-1.0729417646236916,True
2014-04-24,8.198215597862779,0.20268830161134233,7.995527296251437,True
2014-04-25,0.7344754966868816,-0.8198875026761865,1.554362999363068,True
2014-04-28,3.8727775356437455,0.3167189625579159,3.5560585730858296,False
2014-04-29,-0.29624510969722406,0.46553908875544003,-0.7617841984526641,False
2014-04-30,-0.3782176752626154,0.2982615927922039,-0.6764792680548193,False
2014-05-01,0.2355924051464342,0.010637856366946252,0.22495454877948795,False
2014-05-02,0.18597022822819387,-0.14335809326506688,0.32932832149326075,False
2014-05-05,1.4141542302028798,0.19138878414317606,1.2227654460597037,False
2014-05-06,-1.0899298134226854,-0.8703894261632539,-0.21954038725943148,False
2014-05-07,-0.34989981707514994,0.5889660953292353,-0.9388659124043852,False
2014-05-08,-0.1782834531469879,-0.10643337693517774,-0.07185007621181017,False
2014-05-09,-0.41666877737218666,0.14915157618373698,-0.5658203535559236,False
2014-05-12,1.2449796820320769,0.9736282350699677,0.2713514469621092,False
2014-05-13,0.1569028593705557,0.08958887981469488,0.06731397955586083,False
2014-05-14,0.018519972648989302,-0.4737990704685502,0.4923190431175395,False
2014-05-15,-0.8503382211958233,-0.8780481741144097,0.027709952918586467,False
2014-05-16,1.4757963270165764,0.34684183134636726,1.1289544956702091,False
2014-05-19,1.184920404564993,0.366958045061927,0.8179623595030661,False
2014-05-20,0.019857243012344483,-0.6304528200005599,0.6503100630129044,False
2014-05-21,0.2645967498086099,0.8424330302090111,-0.5778362804004011,False
2014-05-22,0.15833708464461083,0.24316594426285754,-0.08482885961824671,False
2014-05-23,1.1296402642500647,0.40088951449956944,0.7287507497504953,False
2014-05-27,1.8726043471525955,0.6146160927626987,1.2579882543898968,False
2014-05-28,-0.2589941841930954,-0.07307083215533083,-0.18592335203776456,False
2014-05-29,1.8220700529259837,0.5172886306241242,1.3047814223018595,False
2014-05-30,-0.37454158144392125,0.16117408187348303,-0.5357156633174043,False
2014-06-02,-0.6871844078790268,0.11414946067478393,-0.8013338685538107,False
2014-06-03,1.4141247904258192,-0.051855965921066005,1.4659807563468852,False
2014-06-04,1.1419283033479388,0.20230739947633136,0.9396209038716075,False
2014-06-05,0.3923428151791919,0.6521745217089148,-0.2598317065297229,False
2014-06-06,-0.27497236003340975,0.4783310297819421,-0.7533033898153518,False
2014-06-09,1.6001184917239009,0.10231908624225294,1.497799405481648,False
2014-06-10,0.5870018088827145,0.010242430900775368,0.5767593779819391,False
2014-06-11,-0.41381411064379536,-0.3476443772619908,-0.06616973338180454,False
2014-06-12,-1.6726818337882032,-0.7079722908452712,-0.964709542942932,False
2014-06-13,-1.0944022889577742,0.3048545727174057,-1.39925686167518,False
2014-06-16,1.0078953259263335,0.08240731986837169,0.9254880060579618,False
2014-06-17,-0.13014543267045875,0.27791129820931015,-0.4080567308797689,True
2014-06-18,0.10859585977696096,0.7339466580225107,-0.6253507982455497,True
2014-06-19,-0.3471203621273622,0.1121243399817562,-0.4592447021091184,True
2014-06-20,-1.0342115763896764,0.20301792901018523,-1.2372295053998617,True
2014-06-23,-0.08796613022197253,-0.030619308676260726,-0.0573468215457118,True
2014-06-24,-0.6055398140252688,-0.6024052427366033,-0.0031345712886654553,True
2014-06-25,0.08858958455812971,0.45194645021391366,-0.36335686565578396,True
2014-06-26,0.5975897667629626,-0.07151646705805259,0.6691062338210152,True
2014-06-27,1.1881465635833477,0.19442465688370714,0.9937219066996406,True
2014-06-30,1.0328153678727414,-0.051104515417144114,1.0839198832898855,True
2014-07-01,0.6349160368044782,0.6693457695911453,-0.034429732786667167,True
2014-07-02,-0.042778772369012064,0.10151541074594483,-0.1442941831149569,True
2014-07-03,0.5883181899296819,0.49179632010647456,0.09652186982320732,True
2014-07-07,2.063245907586242,-0.3481256286772316,2.4113715362634736,True
2014-07-08,-0.6460755441752952,-0.6430351099294129,-0.0030404342458822953,True
2014-07-09,0.041966857657760315,0.4484471637239862,-0.40648030606622587,True
2014-07-10,-0.36691030552401527,-0.39569643052043135,0.028786124996416085,True
2014-07-11,0.18942112571391778,0.13751562355228675,0.051905502161631034,True
2014-07-14,1.2917222671728013,0.5035629902209626,0.7881592769518386,True
2014-07-15,-1.1716190679069816,-0.18725469381466464,-0.9843643740923169,True
2014-07-16,-0.566503149689368,0.3701296018316258,-0.9366327515209938,True
2014-07-17,-1.7830665846347848,-1.1365821872380555,-0.6464843973967294,True
2014-07-18,1.4394613801713252,1.0218964255582774,0.41756495461304777,True
2014-07-21,-0.5189278684837095,-0.1871411531770839,-0.3317867153066256,True
2014-07-22,0.8303504194321132,0.4357882134000235,0.3945622060320897,True
2014-07-23,2.607634878859555,0.2219593563094424,2.3856755225501125,True
2014-07-24,-0.16458219710263622,0.005083694526408777,-0.169665891629045,True
2014-07-25,0.659575161210979,-0.46819007154469405,1.127765232755673,False
2014-07-28,1.3821862651985928,0.0404926337768563,1.3416936314217365,False
2014-07-29,-0.6463111582577952,-0.4297351457205778,-0.21657601253721737,False
2014-07-30,-0.2337890805158227,0.015212290625998826,-0.24900137114182153,False
2014-07-31,-2.5980468619014374,-1.974809111963527,-0.6232377499379105,False
2014-08-01,0.5543795356550252,-0.30554033397744984,0.859919869632475,False
2014-08-04,-0.561765831083616,0.72206507196928,-1.283830903052896,False
2014-08-05,-0.4916364212487756,-0.9696316810813843,0.4779952598326087,False
2014-08-06,-0.16825503190271984,0.03124601509378877,-0.1995010469965086,False
2014-08-07,-0.010543950808306057,-0.541444527958046,0.5309005771497399,False
2014-08-08,0.27517766327080917,1.1568733159925015,-0.8816956527216924,False
2014-08-11,1.319395135859125,0.2897891936594288,1.0296059421996961,False
2014-08-12,-0.0208033739093616,-0.13929879154970237,0.11849541764034077,False
2014-08-13,1.3232924538358892,0.6769199485305633,0.646372505305326,False
2014-08-14,0.2674027974569615,0.47215281600598846,-0.20475001854902697,False
2014-08-15,0.4923017421768927,-0.02045376444090863,0.5127555066178013,False
2014-08-18,1.2043044777193535,0.8379507565694722,0.3663537211498813,False
2014-08-19,1.3816144172613454,0.5218996477497129,0.8597147695116325,False
2014-08-20,0.039796523726387534,0.26713657752850395,-0.22734005380211642,False
2014-08-21,0.009923693242908094,0.2916022417762232,-0.2816785485333151,False
2014-08-22,0.7357580996578461,-0.15539839856185678,0.8911564982197029,False
2014-08-25,0.21712305092214113,0.5070586553449274,-0.2899356044227863,False
2014-08-26,-0.640146070127412,0.06491469017306795,-0.7050607603004799,False
2014-08-27,1.2290845955118979,-0.03993726791096108,1.269021863422859,False
2014-08-28,0.11745992799943039,-0.0549055560473799,0.1723654840468103,False
2014-08-29,0.24451474926590056,0.2847790495220881,-0.040264300256187546,False
2014-09-02,0.7804982007081795,-0.04983169317882563,0.8303298938870052,False
2014-09-03,-4.220723626949652,-0.054825535430347294,-4.1658980915193045,False
2014-09-04,-0.8287472312647814,-0.14461512794596842,-0.684132103318813,False
2014-09-05,0.866248928582225,0.44952173124139794,0.4167271973408271,False
2014-09-08,-0.6163452231717326,-0.25857614575520715,-0.3577690774165254,False
2014-09-09,-0.37615570938268617,-0.6330874560380395,0.25693174665535334,False
2014-09-10,3.071735556779509,0.37623209305015504,2.695503463729354,False
2014-09-11,0.42573192833754714,0.11495725659100842,0.3107746717465387,False
2014-09-12,0.22676123314901986,-0.5841167291872784,0.8108779623362983,False
2014-09-15,-0.02952837222680582,-0.07534061986443907,0.04581224763763325,True
2014-09-16,-0.7576596214660669,0.7538343116869184,-1.5114939331529853,True
2014-09-17,0.7138653075596579,0.1347314315809589,0.579133875978699,True
2014-09-18,0.20679338822586768,0.532985407166553,-0.3261920189406853,True
2014-09-19,-0.8154410800334966,-0.09015658751521105,-0.7252844925182855,True
2014-09-22,0.09904188191216523,-0.7722883898603206,0.8713302717724858,True
2014-09-23,1.5634108724384754,-0.5724263775381044,2.13583724997658,True
2014-09-24,-0.8670888851977754,0.7828265980392546,-1.64991548323703,True
2014-09-25,-3.813272634891929,-1.6135714919932487,-2.19970114289868,True
2014-09-26,2.9426706446493256,0.7945195475955957,2.14815109705373,True
2014-09-29,-0.6352425430594333,-0.18188097285640747,-0.4533615702030258,True
2014-09-30,0.6393036719630762,-0.26320293844475096,0.9025066104078272,True
2014-10-01,-1.55828125411408,-1.3552085062406016,-0.2030727478734784,True
2014-10-02,0.7259483857354088,0.01540111197930738,0.7105472737561014,True
2014-10-03,-0.2803064540891853,1.1009434009791041,-1.3812498550682895,True
2014-10-06,0.0,-0.11700646962570227,0.11700646962570227,True
2014-10-07,-0.8733034327394473,-1.543659051976054,0.6703556192366067,True
2014-10-08,2.0759637618778637,1.7489178730798471,0.32704588879801655,True
2014-10-09,0.21825168740015055,-1.983292330101405,2.2015440175015555,True
2014-10-10,-0.28707820473221624,-1.1414471937238324,0.8543689889916162,True
2014-10-13,-0.91336531721804,-1.6427037023281743,0.7293383851101343,True
2014-10-14,-1.061990649177047,0.15478491945317696,-1.216775568630224,True
2014-10-15,-1.2253213239616478,-0.676654256744913,-0.5486670672167349,True
2014-10-16,-1.3122606229504008,-0.08583689285710516,-1.2264237300932956,True
2014-10-17,1.4647814044206786,1.181115015108003,0.2836663893126756,True
2014-10-20,2.1398540112663733,0.9709642066808799,1.1688898045854934,True
2014-10-21,2.716492134783377,1.9810725196761636,0.7354196151072134,True
2014-10-22,0.5074842136916669,-0.7111015566812928,1.2185857703729597,True
2014-10-23,1.786603181927826,1.1625034807215995,0.6240997012062266,False
2014-10-24,0.3720052509854632,0.7695087102425946,-0.3975034592571314,False
2014-10-27,-0.10454999852590463,-0.1374339073745734,0.032883908848668764,False
2014-10-28,1.5507696425697048,1.1470063007450237,0.4037633418246811,False
2014-10-29,0.5620885921370222,-0.15119493446682508,0.7132835266038473,False
2014-10-30,-0.33536486949146127,0.6410520061192582,-0.9764168756107194,False
2014-10-31,0.9534409029717361,1.1435782230190261,-0.19013732004729,False
2014-11-03,1.2962976149548,0.05449702625632824,1.2418005886984718,False
2014-11-04,-0.7312474917447243,-0.34689507298559796,-0.3843524187591263,False
2014-11-05,0.2393995215828726,0.6316056635548906,-0.392206141972018,False
2014-11-06,0.2860170500547765,0.4003229978348344,-0.11430594778005787,False
2014-11-07,0.2851617506183457,0.0935243547588005,0.1916373958595452,False
2014-11-10,-0.1650715798198643,0.31471257432795774,-0.47978415414782205,False
2014-11-11,0.7993614847755737,0.0980804652934264,0.7012810194821473,False
2014-11-12,1.4129372587341926,-0.10776650945552024,1.5207037681897129,False
2014-11-13,1.4112784727347893,0.11278365088196463,1.2984948218528247,False
2014-11-14,1.20545838769055,0.024476793827754584,1.1809815938627954,False
2014-11-17,-0.16643589083590316,0.0636693233546648,-0.23010521419056795,False
2014-11-18,1.2983912553075294,0.577387615092162,0.7210036402153674,False
2014-11-19,-0.6928188444579875,-0.16056785090587944,-0.532250993552108,False
2014-11-20,1.4301707313907341,0.17543845433374283,1.2547322770569913,False
2014-11-21,0.13757195195056582,0.5350642137273098,-0.397492261776744,False
2014-11-24,1.8545442672571966,0.28063528060711107,1.5739089866500855,False
2014-11-25,-0.8682444472519535,-0.0723961908959403,-0.7958482563560132,False
2014-11-26,1.1904806323302264,0.2559298869155402,0.9345507454146862,False
2014-11-28,-0.05881543189686367,-0.2119058822524389,0.15309045035557522,False
2014-12-01,-3.245643270054288,-0.6949853016632312,-2.550657968391057,False
2014-12-02,-0.3823586697635828,0.6463931283195112,-1.028751798083094,False
2014-12-03,1.1341034426751717,0.3863228850985667,0.747780557576605,False
2014-12-04,-0.37954435381947205,-0.11065150986874217,-0.2688928439507299,False
2014-12-05,-0.4242952400562716,0.16369651246705974,-0.5879917525233314,False
2014-12-08,-2.2608643217313484,-0.6682484877400308,-1.5926158339913177,False
2014-12-09,1.5302485410029876,-0.0677591052471449,1.5980076462501325,False
2014-12-10,-1.9015094692110712,-1.6031236319523634,-0.2983858372587078,False
2014-12-11,-0.294759160001723,0.5069691893258454,-0.8017283493275684,False
2014-12-12,-1.6932507298461297,-1.6161470468046946,-0.07710368304143511,False
2014-12-15,-1.3669805328530016,-0.6869144209996403,-0.6800661118533613,False
2014-12-16,-1.3674753698546205,-0.8019638464296097,-0.5655115234250108,False
2014-12-17,2.4918312045006052,1.9604912412451991,0.5313399632554061,False
2014-12-18,2.9613365293261085,2.472880519911702,0.48845600941440637,False
2014-12-19,-0.7723313463695702,0.42546704783805733,-1.1977983942076276,False
2014-12-22,1.0377595206977785,0.4600108798921587,0.5777486408056198,False
2014-12-23,-0.35418473368878933,0.1349242120763483,-0.48910894576513764,True
2014-12-24,-0.47088984151588686,0.009649728989447048,-0.4805395705053339,True
2014-12-26,1.767645170401111,0.3224520363650951,1.4451931340360158,True
2014-12-29,-0.07015577223126179,0.13436689408481417,-0.20452266631607596,True
2014-12-30,-1.2202758759143784,-0.5366495257865922,-0.6836263501277862,True
2014-12-31,-1.901870367636116,-0.9923124331676081,-0.9095579344685079,True
2015-01-02,-0.9512529716668605,-0.053496669823360765,-0.8977563018434997,True
2015-01-05,-2.817180051495738,-1.8059781073992753,-1.0112019440964626,True
2015-01-06,0.009393117937794848,-0.9418324435875647,0.9512255615253595,True
2015-01-07,1.4022769856137707,1.2460662421736268,0.15621074344014385,True
2015-01-08,3.8422072120664064,1.7745469672246994,2.067660244841707,True
2015-01-09,0.10727405934698453,-0.8014034734504349,0.9086775327974195,True
2015-01-12,-2.464121747368586,-0.7833176285960697,-1.6808041187725165,True
2015-01-13,0.8878769484325089,-0.28129010075013117,1.16916704918264,True
2015-01-14,-0.38103489996799134,-0.6037217718652954,0.22268687189730407,True
2015-01-15,-2.7140233971154837,-0.9160597109739488,-1.797963686141535,True
2015-01-16,-0.777014945568999,1.3114120211937585,-2.0884269667627575,True
2015-01-20,2.5757010492848176,0.21329706964183792,2.3624039796429797,True
2015-01-21,0.7634438341779015,0.5047941301324688,0.25864970404543275,True
2015-01-22,2.6015414401036496,1.4870963500937862,1.1144450900098635,True
2015-01-23,0.5160176031091757,-0.5483039079547725,1.0643215110639481,True
2015-01-26,0.10621627958671276,0.2341698039019624,-0.12795352431524964,True
2015-01-27,-3.501326865285048,-1.3190235051065424,-2.182303360178506,True
2015-01-28,5.65328272176151,-1.2824550688008363,6.935737790562346,True
2015-01-29,3.113363889294485,0.9243590931255152,2.1890047961689696,True
2015-01-30,-1.4633950086911596,-1.2574970086561388,-0.2058980000350208,False
2015-02-02,1.2546608992047403,1.2384101445323203,0.016250754672419987,False
2015-02-03,0.01688375981023782,1.446134730084192,-1.4292509702739542,False
2015-02-04,0.7669429441205633,-0.3807707326376253,1.1477136767581886,False
2015-02-05,0.7137196413512292,1.009481499037479,-0.29576185768624974,False
2015-02-06,-0.8420458463060942,-0.2765368634247589,-0.5655089828813353,False
2015-02-09,0.6642323274720585,-0.4475656855341903,1.1117980130062488,False
2015-02-10,1.9211802772310937,1.0653340786487275,0.8558461985823662,False
2015-02-11,2.343866706886555,0.058010479558934236,2.2858562273276206,False
2015-02-12,1.2652033430404552,0.9616928351308562,0.303510507909599,False
2015-02-13,0.49029948922139077,0.41167342088070935,0.07862606834068142,False
2015-02-17,0.5901472279494335,0.15723735947748008,0.43290986847195345,False
2015-02-18,0.6962559349288799,0.009567579513447555,0.6866883554154324,False
2015-02-19,-0.20976404457727638,-0.07138270565726357,-0.1383813389200128,False
2015-02-20,0.8174222946441656,0.6000500552182597,0.2173722394259059,False
2015-02-23,2.702719514977736,-0.014222400062635643,2.7169419150403717,False
2015-02-24,-0.624048060914828,0.2840969644559044,-0.9081450253707324,False
2015-02-25,-2.557326211058597,-0.08498330437226587,-2.472342906686331,False
2015-02-26,1.2656389974779136,-0.1181192539072562,1.3837582513851698,False
2015-02-27,-1.502827267349871,-0.34065077189081583,-1.1621764954590552,False
2015-03-02,0.4903977505346546,0.6313292219912725,-0.14093147145661788,False
2015-03-03,0.209189396565157,-0.41036647981179675,0.6195558763769538,False
2015-03-04,-0.6339030933241396,-0.4215357122527852,-0.21236738107135444,False
2015-03-05,-1.6570942717171633,0.10939616568013122,-1.7664904373972945,False
2015-03-06,0.15031873836661713,-1.4064781234595314,1.5567968618261485,False
2015-03-09,0.42652629364354766,0.4144730474298086,0.012053246213739044,False
2015-03-10,-2.068544960618679,-1.6222110613477225,-0.44633389927095646,False
2015-03-11,-1.82319400441312,-0.2341584053239809,-1.5890355990891392,False
2015-03-12,1.8079282044623834,1.271436052427366,0.5364921520350174,False
2015-03-13,-0.691016204026651,-0.613256664567996,-0.07775953945865499,False
2015-03-16,1.1003843749066045,1.3360496289346102,-0.23566525402800576,False
2015-03-17,1.672669062137988,-0.29722880107351246,1.9698978632115005,False
2015-03-18,1.1256211983537767,1.2021525345508488,-0.07653133619707209,False
2015-03-19,-0.755024636726187,-0.4561399648771225,-0.29888467184906453,False
2015-03-20,-1.2548723444412158,0.8826657549544148,-2.1375380993956306,False
2015-03-23,1.040476749607766,-0.19486357593484493,1.235340325542611,True
2015-03-24,-0.40877773711790466,-0.5619331189217647,0.15315538180386,True
2015-03-25,-2.6126726936808398,-1.465329790968406,-1.1473429027124338,True
2015-03-26,0.6970575787924815,-0.23814633846226396,0.9352039172547455,True
2015-03-27,-0.7968783464948448,0.22897409481574815,-1.025852441310593,True
2015-03-30,2.5314426073073104,1.2200028577492583,1.311439749558052,True
2015-03-31,-1.5351565456312555,-0.8739771229732907,-0.6611794226579648,True
2015-04-01,-0.14468015472036688,-0.35364084531380735,0.20896069059344047,True
2015-04-02,0.8611861815414512,0.3597427489393956,0.5014434326020556,True
2015-04-06,1.6198552641449426,0.6733260226630788,0.9465292414818638,True
2015-04-07,-1.052236603373835,-0.26464548147283606,-0.787591121900999,True
2015-04-08,-0.32534728692503734,0.3377345257300268,-0.6630818126550642,True
2015-04-09,0.7643212493657181,0.4423232490352591,0.321998000330459,True
2015-04-10,0.42666111237545934,0.5457053637646148,-0.11904425138915542,True
2015-04-13,-0.19668709908341464,-0.4522863191009363,0.25559922001752167,True
2015-04-14,-0.4335765437103123,0.19133426977966383,-0.6249108134899761,True
2015-04-15,0.38002901649918375,0.4486795037620839,-0.06865048726290013,True
2015-04-16,-0.4811397724591937,-0.028496951008805116,-0.4526428214503886,True
2015-04-17,-1.125463070475552,-1.1503597439482594,0.02489667347270741,True
2015-04-20,2.2845577642518933,0.9136814610247068,1.3708763032271865,True
2015-04-21,-0.540736216055393,-0.11914972704443194,-0.4215864890109611,True
2015-04-22,1.3473764133464128,0.4914636233567915,0.8559127899896213,True
2015-04-23,0.8163821452260356,0.2515910519811593,0.5647910932448763,True
2015-04-24,0.470429636730052,0.2320475866921079,0.2383820500379441,True
2015-04-27,1.8191854978242272,-0.4157851957133474,2.2349706935375746,True
2015-04-28,-1.5755807943768296,0.3178819971686231,-1.8934627915454527,True
2015-04-29,-1.4706018456678405,-0.4114655954960411,-1.0591362501717994,True
2015-04-30,-2.713006584426725,-1.0020643512549054,-1.7109422331718194,False
2015-05-01,3.036361923215236,1.0841668499294466,1.9521950732857896,False
2015-05-04,-0.1938785729851178,0.2847509444963148,-0.47862951748143256,False
2015-05-05,-2.253301632441451,-1.145196897617462,-1.1081047348239892,False
2015-05-06,-0.6279856310947296,-0.41169597321177864,-0.21628965788295096,False
2015-05-07,0.6185452802717206,0.39902092235051256,0.21952435792120806,False
2015-05-08,1.8840853223160314,1.3165857894145816,0.5674995329014498,False
2015-05-11,-1.0186466455223475,-0.4773065233706908,-0.5413401221516567,False
2015-05-12,-0.35624894606900437,-0.2991012716863639,-0.057147674382640457,False
2015-05-13,0.11124146272454283,0.019035774012876594,0.09220568871166623,False
2015-05-14,2.3331227509928,1.0427702519726134,1.2903524990201864,False
2015-05-15,-0.13958399060113313,0.10839385122214384,-0.24797784182327698,False
2015-05-18,1.1027511252048594,0.3106469093797193,0.7921042158251401,False
2015-05-19,-0.09218495988253528,-0.03283561128061274,-0.059349348601922536,False
2015-05-20,-0.007702837393297468,-0.07039004258696524,0.06268720519366777,False
2015-05-21,1.0226337163679489,0.2912541432798843,0.7313795730880646,False
2015-05-22,0.875231524001463,-0.23892088371937348,1.1141524077208365,False
2015-05-26,-2.2031013560939616,-1.0751164333704821,-1.1279849227234795,False
2015-05-27,1.86698973763344,0.9491697597187043,0.9178199779147356,False
2015-05-28,-0.19689796511408453,-0.11283149250030933,-0.0840664726137752,False
2015-05-29,-1.1382501541785883,-0.6213043378680561,-0.5169458163105323,False
2015-06-01,0.19953823416163363,0.20367714002222925,-0.004138905860595621,False
2015-06-02,-0.4442866130145884,-0.09926241454613072,-0.34502419846845767,False
2015-06-03,0.12309360866726848,0.2649425852427667,-0.14184897657549822,False
2015-06-04,-0.5840430306487288,-0.844633337750178,0.26059030710144926,False
2015-06-05,-0.5488673134034561,-0.1713215298292603,-0.37754578357419577,False
2015-06-08,-0.6607076059054307,-0.6149782286596794,-0.04572937724575121,False
2015-06-09,-0.29735267373335317,-0.014425619479008223,-0.28292705425434495,False
2015-06-10,1.1458400449331663,1.1993596698548936,-0.05351962492172735,False
2015-06-11,-0.22504752610947865,0.3223716507892993,-0.547419176898778,False
2015-06-12,-1.1042551713056903,-0.7655041649432537,-0.3387510063624366,False
2015-06-15,-0.19659994039457063,-0.4285791313905496,0.23197919099597897,False
2015-06-16,0.5357708035977016,0.5451924471599812,-0.009421643562279591,True
2015-06-17,-0.2350968394185804,0.16171377271287923,-0.39681061213145963,True
2015-06-18,0.45560772725079524,1.0399390812781295,-0.5843313540273343,True
2015-06-19,-1.000939569573156,-0.4438914607958977,-0.5570481087772583,True
2015-06-22,0.7977870556778566,0.5122620255796795,0.2855250300981771,True
2015-06-23,-0.45449429384286644,0.07081282243053266,-0.5253071162733991,True
2015-06-24,0.8501824295631177,-0.7263094514756374,1.5764918810387551,True
2015-06-25,-0.4761558360166118,-0.3040012605963871,-0.17215457542022472,True
2015-06-26,-0.5882465548513571,-0.019049882759947234,-0.5691966720914099,True
2015-06-29,-1.7514817759900825,-2.097057689975057,0.34557591398497456,True
2015-06-30,0.7227121641767864,0.20933663921152146,0.513375524965265,True
2015-07-01,0.9328089606921885,0.8015487257856835,0.13126023490650507,True
2015-07-02,-0.12640099605414346,-0.09155997099138391,-0.034841025062759545,True
2015-07-06,-0.34798023513301635,-0.284600087218001,-0.06338014791501534,True
2015-07-07,-0.24601354029483158,0.6288424748983834,-0.874856015193215,True
2015-07-08,-2.482301285736066,-1.6777060102541874,-0.8045952754818786,True
2015-07-09,-2.0396642184773106,0.18091027642466173,-2.2205744949019723,True
2015-07-10,2.673459767784947,1.2591362409615003,1.4143235268234466,True
2015-07-13,1.9305651423476844,1.1037393170455045,0.8268258253021799,True
2015-07-14,-0.03980470227936683,0.4337877470582896,-0.47359244933765643,True
2015-07-15,0.9633027211277234,-0.03322483057064396,0.9965275516983674,True
2015-07-16,1.3326030661263255,0.802449686982043,0.5301533791442825,True
2015-07-17,0.8637338118808957,0.08479925540612054,0.7789345564747752,True
2015-07-20,1.8901784762549445,0.05174120862116993,1.8384372676337746,True
2015-07-21,-0.9995092240991377,-0.3950987477121748,-0.6044104763869629,True
2015-07-22,-4.229441826075064,-0.1795047203491107,-4.049937105725953,True
2015-07-23,-0.04790486580265041,-0.5629697766776354,0.515064910874985,True
2015-07-24,-0.5273424528709714,-1.0372097301685201,0.5098672772975488,False
2015-07-27,-1.3895432301538557,-0.5817272270398299,-0.8078160031140258,False
2015-07-28,0.49685973967295016,1.228330715583681,-0.7314709759107307,False
2015-07-29,-0.3160979626314231,0.6878798913146911,-1.0039778539461142,False
2015-07-30,-0.5041033816816642,0.023709546396211145,-0.5278129280778754,False
2015-07-31,-0.8744267944516437,-0.15180011674938987,-0.7226266777022539,False
2015-08-03,-2.357773203721303,-0.33727180338363194,-2.020501400337671,False
2015-08-04,-3.2083585584305463,-0.19545664822047115,-3.012901910210075,False
2015-08-05,0.6629442215374537,0.32957261461550313,0.33337160692195056,False
2015-08-06,0.21761316239417017,-0.8187768195338951,1.0363899819280653,False
2015-08-07,0.3387278802643445,-0.1919755932099143,0.5307034734742588,False
2015-08-10,3.63575215982892,1.259910846048573,2.375841313780347,False
2015-08-11,-5.203833986429041,-0.9023285868337227,-4.301505399595318,False
2015-08-12,1.5420244558107976,0.11979312980163748,1.4222313260091601,False
2015-08-13,-0.0781228401858236,-0.12443369814424399,0.04631085795842038,False
2015-08-14,0.7034265613432789,0.3642388121633866,0.33918774917989225,False
2015-08-17,1.034853120457635,0.5586928244800005,0.47616029597763454,False
2015-08-18,-0.5633286030341078,-0.2896679451660722,-0.2736606578680356,False
2015-08-19,-1.2789761190311832,-0.7905519402265582,-0.4884241788046251,False
2015-08-20,-2.0519728220803612,-2.088117174498094,0.03614435241773295,False
2015-08-21,-6.116288672233672,-3.010257323842036,-3.106031348391636,False
2015-08-24,-2.4962415678777106,-4.210661444654463,1.714419876776752,False
2015-08-25,0.6012394539231858,-1.1767797022937732,1.778019156216959,False
2015-08-26,5.7355213012894035,3.8393620693627506,1.896159231926653,False
2015-08-27,2.9446460814871456,2.4735185116011804,0.47112756988596516,False
2015-08-28,0.3276616689189993,0.004997295339514984,0.3226643735794843,False
2015-08-31,-0.46782134689863364,-0.8078861601751308,0.3400648132764972,False
2015-09-01,-4.4696748291087385,-2.984785550016289,-1.4848892790924495,False
2015-09-02,4.288893351077627,1.8981019834546364,2.390791367622991,False
2015-09-03,-1.7536019882656073,0.07163293751220046,-1.8252349257778078,False
2015-09-04,-0.9966361336712914,-1.513678902671467,0.5170427690001755,False
2015-09-08,2.78207797104999,2.513133348804253,0.268944622245737,False
2015-09-09,-1.9232429055804912,-1.3372154835904149,-0.5860274219900763,False
2015-09-10,2.196992689391508,0.5441768700997995,1.6528158192917086,False
2015-09-11,1.456892826356393,0.4544780209361221,1.0024148054202708,False
2015-09-14,0.9631268998317122,-0.37107605486063067,1.3342029546923428,False
2015-09-15,0.841235673891827,1.2499666801246478,-0.4087310062328209,False
2015-09-16,0.11175608066398279,0.8666203302337694,-0.7548642495697866,False
2015-09-17,-2.1389630474476173,-0.22479281601520684,-1.9141702314324105,False
2015-09-18,-0.41256123332399364,-1.6341352369867113,1.2215740036627176,False
2015-09-21,1.5513365443947214,0.5168042219809044,1.034532322413817,False
2015-09-22,-1.5710416110076841,-1.2979925466049202,-0.2730490644027639,True
2015-09-23,0.8112778932261921,-0.1598879672793374,0.9711658605055296,True
2015-09-24,0.5948094129988535,-0.3615799167670186,0.9563893297658721,True
2015-09-25,-0.2521593447890602,-0.025903425382967082,-0.22625591940609313,True
2015-09-28,-1.9788701783693852,-2.509761613592054,0.530891435222669,True
2015-09-29,-3.006076558302906,0.05851984386231468,-3.0645964021652206,True
2015-09-30,1.1369696565565413,1.865850069446262,-0.7288804128897208,True
2015-10-01,-0.6527736912561477,0.2609210604161527,-0.9136947516723004,True
2015-10-02,0.7300801422821968,1.4937711774217544,-0.7636910351395576,True
2015-10-05,0.3623943023032261,1.779502545450229,-1.4171082431470028,True
2015-10-06,0.478413308667891,-0.3426424449571974,0.8210557536250884,True
2015-10-07,-0.47613541348250354,0.8190471568582103,-1.2951825703407138,True
2015-10-08,-1.1554529208879893,0.9027066213016965,-2.058159542189686,True
2015-10-09,2.3926952316164263,0.05961324567975712,2.333081985936669,True
2015-10-12,-0.4637922579245113,0.09439062588549874,-0.55818288381001,True
2015-10-13,0.17025627127726928,-0.6302471730410764,0.8005034443183456,True
2015-10-14,-1.413373692712172,-0.47939144075641593,-0.9339822519557561,True
2015-10-15,1.4971477668819677,1.5354606522815617,-0.03831288539959399,True
2015-10-16,-0.7330699210218783,0.4546630280974684,-1.1877329491193467,True
2015-10-19,0.6214000544599196,0.049199510071962216,0.5722005443879574,True
2015-10-20,1.8258310667145894,-0.12785404068015316,1.9536851073947425,True
2015-10-21,-0.008781687910608404,-0.6203558245163054,0.611574136605697,True
2015-10-22,1.529536956042965,1.689405436309288,-0.15986848026632305,True
2015-10-23,3.099556848893825,1.0961417191457157,2.0034151297481095,True
2015-10-26,-3.1911259608836007,-0.2457539198396086,-2.945372041043992,True
2015-10-27,-0.6332410191550175,-0.19325184640467397,-0.43998917275034355,True
2015-10-28,4.120485207087432,1.1374652784991612,2.983019928588271,True
2015-10-29,1.0564152031075302,-0.05744838009956732,1.1138635832070976,True
2015-10-30,-0.8545730158772691,-0.4309544115588593,-0.4236186043184098,False
2015-11-02,1.4058903329896566,1.1830770053533612,0.22281332763629536,False
2015-11-03,1.1470224374941829,0.28995018689705887,0.857072250597124,False
2015-11-04,-0.4650343286162206,-0.30334304793285805,-0.16169128068336258,False
2015-11-05,-0.4609954018842344,-0.0998005624543441,-0.3611948394298903,False
2015-11-06,0.11581058665750543,-0.052354563546930244,0.16816515020443568,False
2015-11-09,-0.40476335556955956,-0.9331495465659922,0.5283861909964327,False
2015-11-10,-3.1517204507790164,0.2306846836998222,-3.3824051344788386,False
2015-11-11,-0.5651700559627937,-0.3931822247385752,-0.17198783122421846,False
2015-11-12,-0.3359162979293284,-1.3959633152934359,1.0600470173641074,False
2015-11-13,-2.9208360025050895,-1.1228714018222896,-1.7979646006827998,False
2015-11-16,1.6378878394576635,1.520712393045498,0.11717544641216548,False
2015-11-17,-0.42916009683126033,-0.07295583613219359,-0.35620426069906674,False
2015-11-18,3.166495391264279,1.5866235833938314,1.5798718078704477,False
2015-11-19,1.2703493693366985,-0.08624604626085164,1.3565954155975501,False
2015-11-20,0.4377874916699609,0.364404484983627,0.07338300668633391,False
2015-11-23,-1.2992208702424901,-0.11465591803127007,-1.18456495221122,False
2015-11-24,0.959652729812821,0.1339664275714636,0.8256863022413574,False
2015-11-25,-0.7150063086698966,-0.014351953500713055,-0.7006543551691835,False
2015-11-27,-0.18639081838512928,0.1146417600737415,-0.30103257845887077,False
2015-11-30,0.4159366980607704,-0.4151329103733836,0.831069608434154,False
2015-12-01,-0.8115301684607834,0.9535398809923601,-1.7650700494531435,False
2015-12-02,-0.9033269515983045,-1.0204821972014777,0.11715524560317325,False
2015-12-03,-0.9288105659313262,-1.4002716490001066,0.47146108306878043,False
2015-12-04,3.3246689808323238,1.9502780524507601,1.3743909283815636,False
2015-12-07,-0.6301003452869436,-0.6058418875531824,-0.02425845773376123,False
2015-12-08,-0.04226160901510401,-0.6719641591299119,0.6297025501148079,False
2015-12-09,-2.2075625384228803,-0.7779638205736128,-1.4295987178492675,False
2015-12-10,0.47566061372665835,0.2581323099415167,0.21752830378514165,False
2015-12-11,-2.5737866637674633,-1.9381203071877295,-0.6356663565797338,False
2015-12-14,-0.6184878290986018,0.5052059130129072,-1.123693742111509,False
2015-12-15,-1.7692018138833032,1.0498198960926963,-2.8190217099759995,False
2015-12-16,0.7692845990872499,1.4631915624145009,-0.693906963327251,False
2015-12-17,-2.1196174651768485,-1.5238216291016071,-0.5957958360752413,False
2015-12-18,-2.706922935886069,-1.7814996992878251,-0.925423236598244,False
2015-12-21,1.2260692542354734,0.8249079407706583,0.4011613134648151,False
2015-12-22,-0.09316219443470386,0.9074317326056791,-1.000593927040383,True
2015-12-23,1.2869554652868098,1.2382886673146798,0.04866679797213003,True
2015-12-24,-0.5340349116638943,-0.16498841061280967,-0.3690465010510846,True
2015-12-28,-1.1200522587689221,-0.22851194658985996,-0.8915403121790622,True
2015-12-29,1.7974283104739364,1.067173341292449,0.7302549691814875,True
2015-12-30,-1.3058659527537597,-0.7087660020099196,-0.5970999507438401,True
2015-12-31,-1.9195010077744823,-1.0003206789301,-0.9191803288443823,True
2016-01-04,0.08552699521131579,-1.3979478467191164,1.4834748419304322,True
2016-01-05,-2.5059627829837727,0.1691189799446713,-2.675081762928444,True
2016-01-06,-1.9569791565514971,-1.2614093118134662,-0.695569844738031,True
2016-01-07,-4.220446357855789,-2.3991711183798614,-1.821275239475928,True
2016-01-08,0.5287675620699206,-1.0976524642046903,1.626420026274611,True
2016-01-11,1.6191919090571494,0.09898633750269337,1.520205571554456,True
2016-01-12,1.45137599366445,0.8068611641566026,0.6445148295078473,True
2016-01-13,-2.571050354179105,-2.4940627734921783,-0.0769875806869269,True
2016-01-14,2.1871205765820134,1.6416570377998596,0.5454635387821538,True
2016-01-15,-2.4015143407693396,-2.146612422121019,-0.25490191864832035,True
2016-01-19,-0.4839308802056852,0.1331317823467959,-0.6170626625524811,True
2016-01-20,0.13449742570632583,-1.2815182424619098,1.4160156681682357,True
2016-01-21,-0.506239987749979,0.5602032003354518,-1.0664431880854308,True
2016-01-22,5.31672207782945,2.0515526163547237,3.265169461474726,True
2016-01-25,-1.9522849669770248,-1.5117132403566824,-0.4405717266203424,True
2016-01-26,0.553081497810104,1.3643502159403242,-0.8112687181302203,True
2016-01-27,-6.570649351660196,-1.0883408722458854,-5.482308479414311,True
2016-01-28,0.7172080582517504,0.5209414421281311,0.1962666161236193,True
2016-01-29,3.454133543694815,2.437733357996996,1.0164001856978189,False
2016-02-01,-0.9348613572736308,-0.03617087597646007,-0.8986904812971708,False
2016-02-02,-2.0222027176814206,-1.80219755291533,-0.22000516476609056,False
2016-02-03,1.9792554856976396,0.5995191009078527,1.379736384789787,False
2016-02-04,0.8034963835858333,0.15681905492215265,0.6466773286636807,False
2016-02-05,-2.6708127226700684,-1.90503261282704,-0.7657801098430284,False
2016-02-08,1.0529534591922074,-1.346102598714538,2.3990560579067455,False
2016-02-09,-0.021023482273285765,0.005408282089769401,-0.026431764363055166,False
2016-02-10,-0.7579699871414491,-0.08630452360368635,-0.6716654635377628,False
2016-02-11,-0.6046489044989278,-1.3007780724455076,0.6961291679465798,False
2016-02-12,0.30950639351419174,2.0616574387200437,-1.752151045205852,False
2016-02-16,2.819412205451477,1.687856150555067,1.1315560548964099,False
2016-02-17,1.531508644016677,1.6334582211464888,-0.10194957712981179,False
2016-02-18,-1.8956468961703998,-0.4095812899383766,-1.4860656062320232,False
2016-02-19,-0.2285610895482404,-0.04686255213458557,-0.18169853741365483,False
2016-02-22,0.8746376118352828,1.447934736743406,-0.5732971249081231,False
2016-02-23,-2.260510151122175,-1.2629732279068606,-0.9975369232153142,False
2016-02-24,1.4890473771888457,0.457580431134752,1.0314669460540937,False
2016-02-25,0.6867899636892494,1.2111836983064839,-0.5243937346172345,False
2016-02-26,0.15503303006139113,-0.2301418204313732,0.38517485049276434,False
2016-02-29,-0.2270280698168814,-0.7842373289438265,0.5572092591269451,False
2016-03-01,3.9714631550643364,2.3506690259797347,1.6207941290846017,False
2016-03-02,0.21881114674733304,0.44925079126663103,-0.230439644519298,False
2016-03-03,0.7444080249219498,0.3919640006510239,0.3524440242709259,False
2016-03-04,1.4876961342431327,0.3253508540786543,1.1623452801644785,False
2016-03-07,-1.1066529455761254,0.07981863223416319,-1.1864715778102886,False
2016-03-08,-0.8246151589440753,-1.0917796999988738,0.2671645410547985,False
2016-03-09,0.08910170919713689,0.4939662792583288,-0.4048645700611919,False
2016-03-10,0.04945780714034065,0.08024800942134647,-0.03079020228100582,False
2016-03-11,1.0773794232314726,1.613688335744623,-0.5363089125131504,False
2016-03-14,0.254232909236074,-0.12820814488878618,0.3824410541248602,False
2016-03-15,2.0093945570331284,-0.1629753098317921,2.1723698668649205,False
2016-03-16,1.3291064184603796,0.5787672254535803,0.7503391930067993,False
2016-03-17,-0.16040803013571692,0.6343687659797537,-0.7947767961154706,False
2016-03-18,0.1134036335128652,0.3929869941338371,-0.2795833606209719,False
2016-03-21,-0.009421062970749183,0.14189323487130423,-0.1513142978420534,False
2016-03-22,0.76476686193514,-0.05376794354156056,0.8185348054767005,True
2016-03-23,-0.5528271170373356,-0.6599835614840677,0.10715644444673211,True
2016-03-24,-0.43343098056386475,-0.04425596217098038,-0.3891750183928844,True
2016-03-28,-0.45426022133272514,0.05906346924426931,-0.5133236905769945,True
2016-03-29,2.367123791698167,0.9250252995472552,1.4420984921509117,True
2016-03-30,1.7459383657854266,0.43877909927381165,1.307159266511615,True
2016-03-31,-0.5202268813096933,-0.24271766583467969,-0.2775092154750136,True
2016-04-01,0.9174912513365774,0.681215948462377,0.2362753028742004,True
2016-04-04,1.0273671333394852,-0.3237740748755713,1.3511412082150565,True
2016-04-05,-1.1789113902677006,-0.9988106047921774,-0.18010078547552322,True
2016-04-06,1.0472795190124229,1.0921149514538486,-0.04483543244142574,True
2016-04-07,-2.180988077644308,-1.1965898291860233,-0.9843982484582847,True
2016-04-08,0.11058738989031536,0.2696659132133572,-0.15907852332304184,True
2016-04-11,0.3312872823052482,-0.23468590188929772,0.5659731841945459,True
2016-04-12,1.3025289692917275,0.9312684598598242,0.37126050943190325,True
2016-04-13,1.4487399728798422,1.0100924876507822,0.43864748522906005,True
2016-04-14,0.05352882870617304,0.004822266332560332,0.048706562373612705,True
2016-04-15,-2.0071127933081523,-0.11058817876691274,-1.8965246145412396,True
2016-04-18,-2.1575144974652516,0.7026843810541417,-2.8601988785193933,True
2016-04-19,-0.5302867807192913,0.3154075375091159,-0.8456943182284071,True
2016-04-20,0.2058005049392131,0.09527365041439584,0.11052685452481725,True
2016-04-21,-1.0828399160267788,-0.5378327780638403,-0.5450071379629384,True
2016-04-22,-0.27365357455119144,0.0,-0.27365357455119144,True
2016-04-25,-0.5677575915842725,-0.17224721589665926,-0.39551037568761327,True
2016-04-26,-0.6947005591650512,0.14858087023656985,-0.8432814294016211,True
2016-04-27,-6.2577843945159195,0.20581848964533744,-6.463602884161257,True
2016-04-28,-3.05661918132053,-0.9075759349112755,-2.1490432464092546,True
2016-04-29,-1.1494535366644243,-0.5398767009992755,-0.6095768356651488,False
2016-05-02,-0.10665821754308746,0.794822024452313,-0.9014802419954004,False
2016-05-03,1.6446030087035046,-0.870277802658137,2.5148808113616417,False
2016-05-04,-1.0401468484209087,-0.5578679749238757,-0.4822788734970329,False
2016-05-05,-0.40591602439730146,-0.019465553483966058,-0.3864504709133354,False
2016-05-06,-0.5576793178440287,0.36590655833741437,-0.923585876181443,False
2016-05-09,0.075484379901547,0.0826258836681637,-0.007141503766616708,False
2016-05-10,0.6789551482948353,1.2433672219953174,-0.5644120737004821,False
2016-05-11,-0.9741052626301983,-0.9354764425258066,-0.038628820104391615,False
2016-05-12,-2.3456535552640823,0.029074381670657345,-2.3747279369347396,False
2016-05-13,0.19924139599873936,-0.8714142985997153,1.0706556945984547,False
2016-05-16,3.711863556503192,0.9865020770375432,2.725361479465649,False
2016-05-17,-0.41541920201636495,-0.9333474119644469,0.517928209948082,False
2016-05-18,1.14449821028193,0.029291074677284534,1.1152071356046456,False
2016-05-19,-0.38069952631448745,-0.34648624452493504,-0.03421328178955241,False
2016-05-20,1.0828003537631359,0.6317188102213933,0.45108154354174257,False
2016-05-23,1.270727097248625,-0.1362456245987187,1.4069727218473438,False
2016-05-24,1.5244366206832893,1.29621714386563,0.2282194768176593,False
2016-05-25,1.7568926022409448,0.6783054195070193,1.0785871827339255,False
2016-05-26,0.793014920752233,0.028696725338184237,0.7643181954140488,False
2016-05-27,-0.059758804304199664,0.4299166989872205,-0.4896755032914202,False
2016-05-31,-0.4883067720583889,-0.1902731843794303,-0.2980335876789586,False
2016-06-01,-1.4019377212471817,0.20490757307867202,-1.6068452943258538,False
2016-06-02,-0.7515738620539336,0.30438181010963294,-1.0559556721635666,False
2016-06-03,0.20463090057536437,-0.298710899499921,0.5033418000752854,False
2016-06-06,0.7250924343394249,0.5088461409711309,0.21624629336829404,False
2016-06-07,0.4055791575064527,0.15613784266383934,0.24944131484261334,False
2016-06-08,-0.090899993539717,0.3259280093319994,-0.4168280028717164,False
2016-06-09,0.7176255984263413,-0.13650425794606846,0.8541298563724098,False
2016-06-10,-0.8228624333464607,-0.9477569863929003,0.1248945530464396,False
2016-06-13,-1.5076827314212116,-0.771189989945742,-0.7364927414754696,False
2016-06-14,0.12329568480566877,-0.1966674457291373,0.3199631305348061,False
2016-06-15,-0.3283550071435659,-0.13942277558942617,-0.18893223155413974,False
2016-06-16,0.4220881188582437,0.29845231048144516,0.12363580837679855,False
2016-06-17,-2.275763651632823,-0.37242590442821966,-1.9033377472046031,False
2016-06-20,-0.24126353949279755,0.6440221674840707,-0.8852857069768683,False
2016-06-21,0.8517496711779149,0.2838289509645042,0.5679207202134107,True
2016-06-22,-0.375358296357442,-0.16310647741299977,-0.21225181894444223,True
2016-06-23,0.5756179116098714,1.302291331301153,-0.7266734196912816,True
2016-06-24,-2.8095691774630227,-3.590929576569546,0.7813603991065232,True
2016-06-27,-1.4561206492547663,-1.79101394671759,0.3348932974628238,True
2016-06-28,1.6840562146201998,1.8035990565418825,-0.11954284192168263,True
2016-06-29,0.8654383325594983,1.7027826854968842,-0.8373443529373858,True
2016-06-30,1.2712235283945494,1.3645472584636664,-0.09332373006911698,True
2016-07-01,0.3033651318963493,0.21005855100344473,0.09330658089290456,True
2016-07-05,-0.9386175861786916,-0.7193228452633815,-0.2192947409153101,True
2016-07-06,0.5685084159477105,0.5997589986079133,-0.03125058266020275,True
2016-07-07,0.4291753818522759,-0.06195635739792982,0.4911317392502057,True
2016-07-08,0.7713413087444998,1.4890224615800474,-0.7176811528355476,True
2016-07-11,0.31027846952009774,0.3526769224993842,-0.04239845297928646,True
2016-07-12,0.45370769837984604,0.7263380888878235,-0.27263039050797744,True
2016-07-13,-0.564577403495059,-0.01395148844476335,-0.5506259150502957,True
2016-07-14,1.9820778173817333,0.5583529673559351,1.4237248500257982,True
2016-07-15,-0.010158395630399664,-0.13417548775271904,0.12401709212231937,True
2016-07-18,1.062997848995173,0.2687197763522331,0.7942780726429399,True
2016-07-19,0.04003435633024299,-0.10166183799695805,0.14169619432720104,True
2016-07-20,0.09011871185007347,0.4162840955359126,-0.32616538368583914,True
2016-07-21,-0.5301859281700683,-0.37770471070832645,-0.1524812174617418,True
2016-07-22,-0.7744198705806893,0.44850959561879566,-1.222929466199485,True
2016-07-25,-1.3379539221631487,-0.27158536016208545,-1.0663685620010632,True
2016-07-26,-0.6882942298461425,0.046181167032233184,-0.7344753968783757,True
2016-07-27,6.496323117536096,-0.10613066106577307,6.602453778601869,True
2016-07-28,1.3501761124000033,0.11545227806544212,1.2347238343345612,True
2016-07-29,-0.1245859125425186,0.161474743472656,-0.2860606560151746,False
2016-08-01,1.7656546788789695,-0.08292152967571687,1.8485762085546864,False
2016-08-02,-1.4804268273689636,-0.6407111017658451,-0.8397157256031185,False
2016-08-03,1.2538348640772412,0.2922565972252045,0.9615782668520367,False
2016-08-04,0.6177431836114078,0.10640228719172029,0.5113408964196875,False
2016-08-05,1.5207343836582732,0.8178808903986257,0.7028534932596475,False
2016-08-08,0.8280617424083259,-0.05957776961084127,0.8876395120191671,False
2016-08-09,0.40601383722911333,0.059613285876958244,0.3464005513521551,False
2016-08-10,-0.7444395979121055,-0.24748254318265328,-0.4969570547294522,False
2016-08-11,-0.06479446376631559,0.46405834128924184,-0.5288528050555574,False
2016-08-12,0.2316326006084779,-0.08692124557020398,0.3185538461786819,False
2016-08-15,1.2016967536810697,0.2884126310376933,0.9132841226433763,False
2016-08-16,-0.09133823737563773,-0.5157873094476573,0.42444907207201954,False
2016-08-17,-0.14624284555679878,0.1881026177484868,-0.3343454633052856,False
2016-08-18,-0.12822510470409387,0.22441971799311844,-0.3526448226972123,False
2016-08-19,0.2567337124352198,-0.1462467632228015,0.4029804756580213,False
2016-08-22,-0.7772874914100614,-0.004533334768341835,-0.7727541566417195,False
2016-08-23,0.31335829733738496,0.20130223498644462,0.11205606235094034,False
2016-08-24,-0.7533587150376553,-0.5114561723268407,-0.24190254271081457,False
2016-08-25,-0.4258014980587088,-0.0688451856055372,-0.3569563124531716,False
2016-08-26,-0.5856590094367342,-0.18835995552305418,-0.39729905391368003,False
2016-08-29,-0.11220608709855417,0.4924494151158587,-0.6046555022144129,False
2016-08-30,-0.7676677822011868,-0.16486048835196998,-0.6028072938492168,False
2016-08-31,0.09436043945834083,-0.28440297158806027,0.3787634110464011,False
2016-09-01,0.593773158740718,0.004614903137034609,0.5891582556036834,False
2016-09-02,0.9369476706963642,0.4507560510022435,0.4861916196941207,False
2016-09-06,-0.027857396381947286,0.3022644661898388,-0.3301218625717861,False
2016-09-07,0.6128326934309758,-0.009160276777031573,0.6219929702080074,False
2016-09-08,-2.6208952057195645,-0.22827125267033122,-2.3926239530492333,False
2016-09-09,-2.2649878795369727,-2.3934720169302426,0.12848413739326991,False
2016-09-12,2.2398893814874032,1.4347036762574206,0.8051857052299827,False
2016-09-13,2.3804854451954904,-1.437538860331944,3.8180243055274343,False
2016-09-14,3.5386858330746396,-0.037487354494158964,3.5761731875687985,False
2016-09-15,3.399852262844738,0.9992713724614299,2.400580890383308,False
2016-09-16,-0.5624421477435027,-0.38655820667053975,-0.1758839410729629,False
2016-09-19,-1.1660107402373554,0.01872863323852947,-1.1847393734758849,False
2016-09-20,-0.008809969399459217,0.004702050343174946,-0.013512019742634163,True
2016-09-21,-0.01760684329074058,1.124559598094943,-1.1421664413856836,True
2016-09-22,0.9423078021867148,0.6301279996017595,0.31217980258495537,True
2016-09-23,-1.6663696181484888,-0.5479288565143348,-1.118440761634154,True
2016-09-26,0.15080746753415308,-0.8101896218340787,0.9609970893682318,True
2016-09-27,0.18601669390032605,0.6207732245029352,-0.4347565306026091,True
2016-09-28,0.7604918745263811,0.4963591991471672,0.2641326753792139,True
2016-09-29,-1.553323319317701,-0.9047430862709427,-0.6485802330467583,True
2016-09-30,0.7755510274627397,0.7546080018921542,0.020943025570585583,True
2016-10-03,-0.4688231742961402,-0.24042829727864978,-0.2283948770174904,True
2016-10-04,0.4266036131017392,-0.5097536122405266,0.9363572253422658,True
2016-10-05,0.04423914015601049,0.44251617152819556,-0.39827703137218506,True
2016-10-06,0.7430287026262805,0.06954150948981219,0.6734871931364683,True
2016-10-07,0.14925959586487014,-0.3429223189788,0.49218191484367013,True
2016-10-10,1.7447197993041286,0.5208487489035685,1.22387105040056,True
2016-10-11,0.21543245213908602,-1.2629654368748522,1.4783978890139382,True
2016-10-12,0.8942143731430541,0.13118820311286417,0.7630261700301899,True
2016-10-13,-0.3068046319907425,-0.3275283691035136,0.02072373711277109,True
2016-10-14,0.5556700343336773,0.05164488758893082,0.5040251467447465,True
2016-10-17,-0.06802485382081391,-0.3472189004743109,0.279194046653497,True
2016-10-18,-0.06805700711917106,0.6262100132162329,-0.694267020335404,True
2016-10-19,-0.2979327112216601,0.26671150848960323,-0.5646442197112633,True
2016-10-20,-0.051233699530472965,-0.18665649322587852,0.13542279369540555,True
2016-10-21,-0.39294093337469693,0.04675138780749766,-0.4396923211821946,True
2016-10-24,0.9004739742198398,0.4252968216537978,0.475177152566042,True
2016-10-25,0.5099937494215778,-0.33504433376586595,0.8450380831874438,True
2016-10-26,-2.2494542580533294,-0.20080008781330205,-2.0486541702400274,True
2016-10-27,-0.9602829001612911,-0.26669891639101717,-0.693583983770274,True
2016-10-28,-0.663879666824263,-0.2955314159526101,-0.3683482508716529,False
2016-10-31,-0.1582891402283404,0.004712955957630882,-0.16300209618597128,False
2016-11-01,-1.8055372916464418,-0.7245432088879622,-1.0809940827584796,False
2016-11-02,0.08969154524014478,-0.6018687219746077,0.6915602672147525,False
2016-11-03,-1.07187543465741,-0.45768927018484673,-0.6141861644725632,False
2016-11-04,-0.9013755187825656,-0.11017182099651857,-0.791203697786047,False
2016-11-07,1.4424616576801608,2.2057221446213138,-0.763260486941153,False
2016-11-08,0.5887262240926727,0.45035865666775976,0.13836756742491296,False
2016-11-09,-0.16207206652055772,1.0602325039321236,-1.2223045704526814,False
2016-11-10,-2.7867972273980524,0.24952422512829475,-3.036321452526347,False
2016-11-11,0.5937618614181073,-0.2304728432473313,0.8242347046654386,False
2016-11-14,-2.508516523689197,0.07856095338754088,-2.587077477076738,False
2016-11-15,1.3243772799588882,0.7802452255409653,0.5441320544179229,False
2016-11-16,2.6888056606467536,-0.18782500833334215,2.876630668980096,False
2016-11-17,-0.03639981867804565,0.514075056715968,-0.5504748753940136,False
2016-11-18,0.10007197565458092,-0.22375249564019484,0.32382447129477576,False
2016-11-21,1.5173462504848745,0.7551440828411637,0.7622021676437107,False
2016-11-22,0.06265953740374197,0.1953296444444863,-0.13267010704074433,False
2016-11-23,-0.5098299066853884,0.054381526677360625,-0.564211433362749,False
2016-11-25,0.5034551441331026,0.3715631075284609,0.13189203660464166,False
2016-11-28,-0.19682742818970533,-0.46946936492101576,0.27264193673131043,False
2016-11-29,-0.09856700676202923,0.19499704328194145,-0.2935640500439707,False
2016-11-30,-0.8433718838421256,-0.23991327360675108,-0.6034586102353745,False
2016-12-01,-0.9319584102721046,-0.3675573241884722,-0.5644010860836324,False
2016-12-02,0.37449594134193465,0.0501180766382614,0.32437786470367325,False
2016-12-05,-0.7188488298545237,0.6008735400646836,-1.3197223699192073,False
2016-12-06,0.7698407894950465,0.3167564270228018,0.4530843624722447,False
2016-12-07,0.9822798994192361,1.308063343814303,-0.3257834443950669,False
2016-12-08,0.9817285556840805,0.24486775081222767,0.7368608048718528,False
2016-12-09,1.6321829493902262,0.6040556582893153,1.028127291100911,False
2016-12-12,-0.5704293249199521,-0.1147915296280444,-0.45563779529190773,False
2016-12-13,1.6681375566903744,0.6674117179293004,1.000725838761074,False
2016-12-14,0.0,-0.8254175582697809,0.8254175582697809,False
2016-12-15,0.5469176443136492,0.4116973117036071,0.13522033261004207,False
2016-12-16,0.12950336798069895,-0.19557380980596006,0.325077177786659,False
2016-12-19,0.5777549433062967,0.21774572011632465,0.3600092231899721,False
2016-12-20,0.2657705294963453,0.38573274920901124,-0.11996221971266596,False
2016-12-21,0.0940538733680496,-0.2782348420398373,0.3722887154078869,False
2016-12-22,-0.6577655355884726,-0.172769885906765,-0.4849956496817076,False
2016-12-23,0.19778584320466752,0.14644110805070998,0.051344735153957544,False
2016-12-27,0.6350757760788417,0.24808452896618594,0.38699124711265576,True
2016-12-28,-0.42642839822303324,-0.8264209170214865,0.3999925187984532,True
2016-12-29,-0.025677982366889562,-0.022314215891339195,-0.003363766475550367,True
2016-12-30,-0.7795832916540846,-0.3654974607887995,-0.41408583086528505,True
2017-01-03,0.28493598961114586,0.7650269518559849,-0.48009096224483905,True
2017-01-04,-0.11191498451016413,0.5949002668580672,-0.7068152513682313,True
2017-01-05,0.508504098375262,-0.07945251043951496,0.587956608814777,True
2017-01-06,1.114813332937814,0.3578050244821718,0.7570083084556423,True
2017-01-09,0.9159600399457402,-0.3300927568947065,1.2460527968404467,True
2017-01-10,0.10087741443363107,0.0,0.10087741443363107,True
2017-01-11,0.5372969990362852,0.2826128645824211,0.2546841344538642,True
2017-01-12,-0.4175339952972479,-0.25100535631242815,-0.16652863898481973,True
2017-01-13,-0.17610371722699414,0.2295481349282147,-0.4056518521552088,True
2017-01-17,0.8064717393213128,-0.3523403905172584,1.1588121298385712,True
2017-01-18,-0.008385691610257595,0.22096704182894555,-0.22935273343920315,True
2017-01-19,-0.17496943897018502,-0.37044346493126934,0.19547402596108432,True
2017-01-20,0.18367721282646077,0.3674284060737998,-0.18375119324733902,True
2017-01-23,0.06665797294800324,-0.26022658532068865,0.3268845582686919,True
2017-01-24,-0.09161605581370358,0.6411696722980809,-0.7327857281117844,True
2017-01-25,1.5920660334298953,0.8655538647988292,0.726512168631066,True
2017-01-26,0.04922573352963422,-0.10454412634292032,0.15376985987255454,True
2017-01-27,0.008204776564380012,-0.15698414595390897,0.16518892251828898,True
2017-01-30,-0.26240237863355276,-0.6201640371827466,0.35776165854919384,True
2017-01-31,-0.23018998889565712,-0.00878353943023491,-0.2214064494654222,True
2017-02-01,6.098066110902978,0.039544892128429154,6.0585212187745485,True
2017-02-02,-0.17091256033455737,0.06591823568018462,-0.236830796014742,True
2017-02-03,0.4279453248291487,0.6892750961715821,-0.2613297713424334,False
2017-02-06,0.9374140120953056,-0.17876476551927922,1.1161787776145848,False
2017-02-07,0.9517132598038547,0.004388392440235478,0.9473248673636192,False
2017-02-08,0.38775818878151735,0.13100701257435787,0.2567511762071595,False
2017-02-09,0.7225578887697148,0.5932772470902403,0.1292806416794745,False
2017-02-10,-0.2265432277369861,0.39461730681598084,-0.6211605345529669,False
2017-02-13,0.8855608559363404,0.544255462729426,0.34130539320691433,False
2017-02-14,1.2979228017788946,0.3995477743423903,0.8983750274365043,False
2017-02-15,0.36291726407859937,0.5220277646550642,-0.1591105005764648,False
2017-02-16,-0.11808252703904287,-0.08512479793552075,-0.032957729103522126,False
2017-02-17,0.2733780146414011,0.15761429476801592,0.11576371987338518,False
2017-02-21,0.7220726180291237,0.5955252202115568,0.12654739781756685,False
2017-02-22,0.2999478799646793,-0.08880778235207387,0.3887556623167532,False
2017-02-23,-0.4230569715279353,0.06770936250333204,-0.49076633403126735,False
2017-02-24,0.0952690520904298,0.1268961745831243,-0.031627122492694504,False
2017-02-27,0.19752557926406844,0.15628435145604858,0.041241227808019865,False
2017-02-28,0.04384882571255577,-0.2699265490262781,0.3137753747388339,False
2017-03-01,2.043902024738986,1.399757882135022,0.644144142603964,False
2017-03-02,-0.5937085962728461,-0.6297224590327555,0.036013862759909365,False
2017-03-03,0.5900917150928775,0.06292008365278434,0.5271716314400932,False
2017-03-06,-0.31480125915788193,-0.29777688607921515,-0.017024373078666777,False
2017-03-07,0.12919439771272856,-0.2986884888300678,0.4278828865427964,False
2017-03-08,-0.3727204446660304,-0.18564437890491448,-0.1870760657611159,False
2017-03-09,-0.2302117537931636,0.12682433853083985,-0.35703609232400346,False
2017-03-10,0.331700419170744,0.35040497856346775,-0.018704559392723752,False
2017-03-13,0.043110906715937425,0.05050487823290428,-0.007393971516966857,False
2017-03-14,-0.1508231522772796,-0.3826753806539074,0.23185222837662778,False
2017-03-15,1.0576057899236657,0.8653445828897821,0.1922612070338836,False
2017-03-16,0.16376017194934533,-0.19669824002761516,0.3604584119769605,False
2017-03-17,-0.4975403512873622,-0.1756087365512693,-0.3219316147360929,False
2017-03-20,1.0500862809671885,-0.10968478525066327,1.1597710662178518,False
2017-03-21,-1.145206995471293,-1.2839540138831151,0.13874701841182224,False
2017-03-22,1.1298496939423197,0.2353358100255054,0.8945138839168143,False
2017-03-23,-0.35356647450573986,-0.1067251207923392,-0.24684135371340066,False
2017-03-24,-0.1987170686653883,-0.07264581953602134,-0.12607124912936696,False
2017-03-27,0.17068647553108995,-0.10265455062820061,0.27334102615929057,False
2017-03-28,2.072634136116247,0.7277183485560501,1.344915787560197,True
2017-03-29,0.22256179037729584,0.0934639656254177,0.12909782475187814,True
2017-03-30,-0.1318386738287214,0.3184254721304569,-0.4502641459591783,True
2017-03-31,-0.18761148233565894,-0.23273417237553717,0.04512269003987823,True
2017-04-03,0.027851635211018078,-0.17393982944428066,0.20179146465529874,True
2017-04-04,0.744617375429879,0.06375086083050263,0.6808665145993764,True
2017-04-05,-0.5180546796919261,-0.29728218310096644,-0.22077249659095965,True
2017-04-06,-0.24999230502448233,0.28113401082454637,-0.5311263158490287,True
2017-04-07,-0.22273278455211543,-0.1019358190437969,-0.12079696550831853,True
2017-04-10,-0.1186106925061825,0.05948095628247607,-0.17809164878865857,True
2017-04-11,-1.0755779857633985,-0.11895830613155578,-0.9566196796318427,True
2017-04-12,0.1200077910817221,-0.4381756626611777,0.5581834537428998,True
2017-04-13,-0.5289167990353283,-0.6495007174599499,0.12058391842462157,True
2017-04-17,0.5529577144897324,0.8860078016085238,-0.33305008711879136,True
2017-04-18,-0.44416052707622056,-0.2984504263540133,-0.14571010072220725,True
2017-04-19,-0.36832079376812876,-0.18386987559518841,-0.18445091817294035,True
2017-04-20,1.2511147343842621,0.8139111456715087,0.43720358871275344,True
2017-04-21,-0.11936009936609482,-0.3186588261910539,0.19929872682495908,True
2017-04-24,0.9629833406210375,1.0997806901889229,-0.13679734956788536,True
2017-04-25,0.619555385862891,0.5818704501946881,0.03768493566820297,True
2017-04-26,-0.5880907573928895,-0.0628903381269752,-0.5252004192659143,True
2017-04-27,0.07655837584761294,0.08390900697934356,-0.007350631131730623,True
2017-04-28,-0.09736964432573991,-0.21792608650275103,0.12055644217701111,True
2017-05-01,2.0397117545728927,0.25198421166261475,1.787727542910278,True
2017-05-02,0.634470542286536,0.037703362326735324,0.5967671799598007,True
2017-05-03,-0.3050857796109696,-0.12145344011632586,-0.18363233949464375,True
2017-05-04,-0.3604123916510438,0.11742143500075297,-0.47783382665179674,True
2017-05-05,1.6583516845500412,0.3937019738165626,1.2646497107334786,False
2017-05-08,2.7188796223752476,-0.016699570408862385,2.73557919278411,False
2017-05-09,0.6404736066887962,-0.091830027240003,0.7323036339287992,False
2017-05-10,-0.4740663784962962,0.17960729428712074,-0.6536736727834169,False
2017-05-11,0.8648226221168231,-0.20425470772020837,1.0690773298370315,False
2017-05-12,1.3965520127011022,-0.16710164851779785,1.5636536612189,False
2017-05-15,-0.25623427710645963,0.5523496283045937,-0.8085839054110533,False
2017-05-16,-0.14772479571499852,-0.09154162671990429,-0.056183168995094235,False
2017-05-17,-3.357527497775048,-1.7744354834760112,-1.5830920142990368,False
2017-05-18,1.524092164469093,0.4028744299533038,1.1212177345157892,False
2017-05-19,0.34092591381227333,0.650404178098074,-0.3094782642858007,False
2017-05-22,0.607588628208866,0.5077753211105485,0.0998133070983176,False
2017-05-23,-0.12341413371058652,0.22125787066682445,-0.34467200437741097,False
2017-05-24,-0.29904618937792726,0.23327764447915733,-0.5323238338570846,False
2017-05-25,0.3456115774098878,0.47795587871799494,-0.13234430130810715,False
2017-05-26,-0.1689788602038278,-0.02068752109128935,-0.14829133911253845,False
2017-05-30,0.03906030479430278,-0.08686200550315215,0.12592231029745493,False
2017-05-31,-0.5921904339191264,-0.024873548561588077,-0.5673168853575383,False
2017-06-01,0.27497579525428417,0.7952430349819517,-0.5202672397276675,False
2017-06-02,1.4819117032743856,0.3328262759332068,1.1490854273411788,False
2017-06-05,-0.9778184215293861,-0.07370406971520804,-0.9041143518141781,False
2017-06-06,0.33783664920461476,-0.3196822094013063,0.6575188586059211,False
2017-06-07,0.5956707163647268,0.18503435445205163,0.41063636191267516,False
2017-06-08,-0.24459363665718659,0.0492340773565525,-0.2938277140137391,False
2017-06-09,-3.877678625790515,-0.15176876150700958,-3.7259098642835053,False
2017-06-12,-2.389541129493511,-0.020547285973882,-2.368993843519629,False
2017-06-13,0.8045502627230805,0.4889672650520982,0.3155829976709823,False
2017-06-14,-0.9755107985868094,-0.126749115185254,-0.8487616834015554,False
2017-06-15,-0.5993663995969678,-0.19241629747358546,-0.40695010212338234,False
2017-06-16,-1.3999328707381853,0.02183434406262119,-1.4217672148008065,False
2017-06-19,2.8607284121385135,0.8325180529456189,2.0282103591928946,False
2017-06-20,-0.9088467354984697,-0.6744202198154192,-0.2344265156830505,False
2017-06-21,0.5930829175279317,-0.024685273541935615,0.6177681910698674,False
2017-06-22,-0.1645314925247554,-0.045271103321053996,-0.11926038920370141,False
2017-06-23,0.44631044472822623,0.11942083698717187,0.32688960774105436,False
2017-06-26,-0.3143971759789421,0.06580926432395717,-0.3802064403028993,False
2017-06-27,-1.433312043307855,-0.8056225394283634,-0.6276895038794916,True
2017-06-28,1.4610626873742927,0.8950442872741382,0.5660184001001545,True
2017-06-29,-1.4743135981669653,-0.8788921086618551,-0.5954214895051102,True
2017-06-30,0.23664664913347622,0.1864527139622263,0.050193935171249926,True
2017-07-03,-0.36106027854914124,0.16955207081608137,-0.5306123493652226,True
2017-07-05,0.4111343070758888,0.23122895993112902,0.1799053471447598,True
2017-07-06,-0.9438362369468933,-0.9144736084894856,-0.02936262845740778,True
2017-07-07,1.0158860472764042,0.6485258976580699,0.3673601496183343,True
2017-07-10,0.6103497311585881,0.10735993312003256,0.5029897980385556,True
2017-07-11,0.3240330936658209,-0.07422976887536681,0.3982628625411877,True
2017-07-12,0.1442675335574517,0.7514587120617477,-0.607191178504296,True
2017-07-13,1.392884916871484,0.1680236116223366,1.2248613052491475,True
2017-07-14,0.8594365262078574,0.46641456458946795,0.3930219616183894,True
2017-07-17,0.34893210017856724,-0.012203797443421927,0.36113589762198917,True
2017-07-18,0.347685878071724,0.05293225262013035,0.29475362545159367,True
2017-07-19,0.6262906247443967,0.5414048260589777,0.08488579868541901,True
2017-07-20,-0.4502248353060567,0.04454474632897831,-0.49476958163503504,True
2017-07-21,-0.046546971232031,-0.08902862329959182,0.04248165206756083,True
2017-07-24,1.2111233976328073,-0.02430538485235223,1.2354287824851595,True
2017-07-25,0.4273858428641919,0.24309171166720933,0.18429413119698257,True
2017-07-26,0.47138261309351837,0.004023234248373697,0.46735937884514467,True
2017-07-27,-1.8897632574420786,-0.09293297222612296,-1.7968302852159557,True
2017-07-28,-0.7040408910315543,-0.11733572662704361,-0.5867051644045107,True
2017-07-31,-0.5150364698117915,-0.0566962549068184,-0.4583402149049731,True
2017-08-01,0.8875441584501376,0.22290106977227442,0.6646430886778631,True
2017-08-02,4.725051566947225,0.048503101366970114,4.676548465580255,True
2017-08-03,-0.9990935750355145,-0.19401009961994564,-0.8050834754155689,True
2017-08-04,0.5270738943611519,0.18223847054041897,0.34483542382073296,False
2017-08-07,1.547451806164979,0.18591624613930602,1.3615355600256729,False
2017-08-08,0.799670136843611,-0.24609906907197,1.045769205915581,False
2017-08-09,0.6121924659133748,-0.004039964287283482,0.6162324302006583,False
2017-08-10,-3.1851765201700966,-1.4115301424943105,-1.773646377675786,False
2017-08-11,1.3907015162639702,0.14769892087942438,1.2430025953845458,False
2017-08-14,1.5049231931215878,0.9913196045337802,0.5136035885878076,False
2017-08-15,1.0947749197538936,-0.012183619902228493,1.1069585396561221,False
2017-08-16,-0.4022089932959827,0.17443827199632445,-0.5766472652923071,False
2017-08-17,-1.9198330064207014,-1.5590707300269346,-0.3607622763937668,False
2017-08-18,-0.22807133090350096,-0.15631732783937258,-0.07175400306412838,False
2017-08-21,-0.18412796208333582,0.07826304253928384,-0.26239100462261966,False
2017-08-22,1.6347532833988376,1.045713242187718,0.5890400412111196,False
2017-08-23,0.12515761080638121,-0.35854438280822354,0.48370199361460475,False
2017-08-24,-0.44378324861804597,-0.2330773291166155,-0.21070591950143047,False
2017-08-25,0.3704449167438062,0.23362184868176428,0.13682306806204192,False
2017-08-28,1.0071305048353185,0.004098847638256409,1.003031657197062,False
2017-08-29,0.8917881503520464,0.11446312652139135,0.777325023830655,False
2017-08-30,0.27009062425493724,0.4737691986185899,-0.20367857436365266,False
2017-08-31,0.3979100241582101,0.6016271070454104,-0.20371708288720036,False
2017-09-01,0.030511688289158734,0.1414154785489563,-0.11090379025979757,False
2017-09-05,-1.2008930092846426,-0.7182126920577958,-0.4826803172268468,False
2017-09-06,-0.10485367838625193,0.34137388456780826,-0.4462275629540602,False
2017-09-07,-0.4014388391874957,-0.012144635893984734,-0.38929420329351094,False
2017-09-08,-1.630920543968628,-0.11746428251075969,-1.5134562614578684,False
2017-09-11,1.809222001150279,1.0665806774933673,0.7426413236569118,False
2017-09-12,-0.39629362066568863,0.33707997446987825,-0.7333735951355669,False
2017-09-13,-0.7522047450544411,0.04796656811216771,-0.8001713131666088,False
2017-09-14,-0.8581092884156094,-0.03196470772361959,-0.8261445806919898,False
2017-09-15,1.0108529796273968,0.13461731164103874,0.8762356679863581,False
2017-09-18,-0.7568154081228684,0.212686681395291,-0.9695020895181594,False
2017-09-19,0.03782128777003457,0.10010179277195608,-0.062280505001921505,False
2017-09-20,-1.6757734031799698,0.0360103406682466,-1.7117837438482164,False
2017-09-21,-1.7172071606859851,-0.2679233411515325,-1.4492838195344526,False
2017-09-22,-0.9779407548779262,0.020039880477029648,-0.9979806353549558,False
2017-09-25,-0.8822221437747357,-0.20445499833882108,-0.6777671454359147,False
2017-09-26,1.7204061956774153,0.06024470239291979,1.6601614932844955,False
2017-09-27,0.7117822545582131,0.3894362181682709,0.3223460363899422,False
2017-09-28,-0.6159791880331222,0.11997753062140681,-0.735956718654529,True
2017-09-29,0.5480001668007439,0.35149800872862347,0.19650215807212046,True
2017-10-02,-0.20112772384767164,0.4338856923412404,-0.635013416188912,True
2017-10-03,0.4355992287284449,0.21399460826150296,0.22160462046694196,True
2017-10-04,-0.6473321359262041,0.11863737249728779,-0.7659695084234919,True
2017-10-05,1.244475933865541,0.592538868739001,0.6519370651265399,True
2017-10-06,-0.0579557312474166,-0.11386829436390578,0.05591256311648918,True
2017-10-09,0.34773603682181076,-0.16511860290943092,0.5128546397312417,True
2017-10-10,0.03851859901813359,0.2638124133823361,-0.22529381436420248,True
2017-10-11,0.4169668656831993,0.15710112223668027,0.259865743446519,True
2017-10-12,-0.3513289936797337,-0.14901162594592732,-0.20231736773380637,True
2017-10-13,0.6345903618510507,0.12173885864923406,0.5128515032018166,True
2017-10-16,1.8408571041506505,0.1333552718034703,1.7075018323471802,True
2017-10-17,0.368980486272652,0.07050622694959596,0.29847425932305605,True
2017-10-18,-0.4423774018648019,0.09787597103076973,-0.5402533728955716,True
2017-10-19,-2.36607443434641,0.027345041142590176,-2.3934194754890004,True
2017-10-20,0.17307331741640564,0.5160780756527705,-0.3430047582363649,True
2017-10-23,-0.051171070506950134,-0.38895249998360804,0.3377814294766579,True
2017-10-24,0.5955149894632639,0.17572834578485352,0.41978664367841034,True
2017-10-25,-0.43920298726292106,-0.4950356231663178,0.05583263590339671,True
2017-10-26,0.6393129880694071,0.12926368505239427,0.5100493030170128,True
2017-10-27,3.5830258624485634,0.8176267247663516,2.765399137682212,True
2017-10-30,2.2508175918269924,-0.37249759156389173,2.623315183390884,True
2017-10-31,1.3915428458471935,0.15575040976529841,1.235792436081895,True
2017-11-01,-1.2718695354569043,0.13225495749979999,-1.4041244929567043,True
2017-11-02,0.7310308699924661,0.03880545603363039,0.6922254139588357,True
2017-11-03,2.611381049062489,0.33390104493926653,2.2774800041232224,True
2017-11-06,1.0144914076555045,0.1547662775724934,0.8597251300830111,False
2017-11-07,0.32135514415434496,-0.06955667338244265,0.3909118175367876,False
2017-11-08,0.8180772430775418,0.17009949207968944,0.6479777509978524,False
2017-11-09,-0.20428588522183322,-0.36274558328012185,0.15845969805828863,False
2017-11-10,-0.3309339037485648,-0.031036631571690343,-0.29989727217687445,False
2017-11-13,-0.40077061803779346,0.09299740702060078,-0.49376802505839423,False
2017-11-14,-1.5117367243535185,-0.23223714450291144,-1.279499579850607,False
2017-11-15,-1.3190535213452814,-0.5005220373244024,-0.818531484020879,False
2017-11-16,1.1947219290346034,0.85008681594958,0.34463511308502337,False
2017-11-17,-0.5552366345936921,-0.29386134574305167,-0.26137528885064043,False
2017-11-20,-0.09990573287164128,0.1706001060059137,-0.27050583887755497,False
2017-11-21,1.8590451300863897,0.6543008629510849,1.2047442671353048,False
2017-11-22,1.0512060405986734,-0.08844112228789669,1.13964716288657,False
2017-11-24,0.005688405530612783,0.23095859322641576,-0.22527018769580298,False
2017-11-27,-0.5029530547979166,-0.04991771153022295,-0.4530353432676937,False
2017-11-28,-0.5859054100533223,1.0144853694236344,-1.6003907794769567,False
2017-11-29,-2.074293428624563,-0.06086427669547145,-2.0134291519290914,False
2017-11-30,1.398394727929153,0.875459298461756,0.5229354294673971,False
2017-12-01,-0.46554501495941203,-0.20751799118755576,-0.25802702377185627,False
2017-12-04,-0.7307520860435623,-0.12099669897297494,-0.6097553870705874,False
2017-12-05,-0.09425996526214453,-0.3596404069608927,0.2653804416987482,False
2017-12-06,-0.37138476452527325,0.018989117373813258,-0.3903738818990865,False
2017-12-07,0.18345470803475816,0.3152875687870038,-0.13183286075224565,False
2017-12-08,0.02953373353626887,0.5453287720037503,-0.5157950384674814,False
2017-12-11,1.9483816205154714,0.3012888978568773,1.647092722658594,False
2017-12-12,-0.5617819067020524,0.17649526523784154,-0.738277171939894,False
2017-12-13,0.3319797935737334,-0.011268812973852516,0.34324860654758593,False
2017-12-14,-0.029009085384579247,-0.40860239570694734,0.3795933103223681,False
2017-12-15,1.0161422629434202,0.8327308318680338,0.1834114310753865,False
2017-12-18,1.4082571148083423,0.6341437972130715,0.7741133175952708,False
2017-12-19,-1.065621176403675,-0.3840463475404121,-0.6815748288632628,False
2017-12-20,-0.10885311613976212,-0.05241654848676669,-0.05643656765299543,False
2017-12-21,0.3785329044844632,0.2060014755550954,0.1725314289293678,False
2017-12-22,0.0,-0.026168112223334816,0.026168112223334816,False
2017-12-26,-2.537003651268921,-0.11962926947556296,-2.417374381793358,False
2017-12-27,0.017619035204541333,0.048653150852850935,-0.0310341156483096,False
2017-12-28,0.2813202190600661,0.20572622443775224,0.07559399462231386,True
2017-12-29,-1.0813450484045473,-0.3770648821902145,-0.7042801662143328,True
2018-01-02,1.7904655385579282,0.7157925207183835,1.0746730178395447,True
2018-01-03,-0.017408352964620732,0.6324714070137682,-0.649879759978389,True
2018-01-04,0.46449902974803337,0.4215033170853699,0.04299571266266344,True
2018-01-05,1.1385194060694381,0.6664122630601232,0.4721071430093149,True
2018-01-08,-0.37142122884914475,0.1828495853019252,-0.5542708141510699,True
2018-01-09,-0.011463333262640152,0.2263380914194979,-0.23780142468213805,True
2018-01-10,-0.022947982268761713,-0.15298422517454613,0.13003624290578442,True
2018-01-11,0.5680275065163443,0.7296128027270976,-0.16158529621075335,True
2018-01-12,1.0326101552590616,0.6518958376732886,0.380714317585773,True
2018-01-16,-0.5081813621273024,-0.34179960878177873,-0.16638175334552363,True
2018-01-17,1.6515916146735643,0.9531539755500251,0.6984376391235392,True
2018-01-18,0.08932904447207513,-0.1681293505888637,0.2574583950609388,True
2018-01-19,-0.4462465945414884,0.4550005215083086,-0.901247116049797,True
2018-01-22,-0.8181258588888518,0.8131050257421224,-1.6312308846309742,True
2018-01-23,0.02260181907833836,0.21223406906627496,-0.1896322499879366,True
2018-01-24,-1.5928657690914116,-0.03883307435462724,-1.5540326947367844,True
2018-01-25,-1.7850892021026743,0.04235872011459918,-1.8274479222172735,True
2018-01-26,0.2337506416124402,1.1578111486253206,-0.9240605070128804,True
2018-01-29,-2.069816538341107,-0.662990144917186,-1.4068263934239211,True
2018-01-30,-0.5894252391115407,-1.0257674094778624,0.4363421703663217,True
2018-01-31,0.27547593936485537,0.04969008433077793,0.22578585503407744,True
2018-02-01,0.20906985705906322,-0.1134552157630031,0.3225250728220663,True
2018-02-02,-4.3390268933553795,-2.1770026708438417,-2.162024222511538,True
2018-02-05,-2.4984431795024187,-4.1822607544677375,1.6838175749653188,False
2018-02-06,4.179163326301816,1.970203461569775,2.2089598647320408,False
2018-02-07,-2.1407098758524534,-0.5424662282765058,-1.5982436475759476,False
2018-02-08,-2.7516423029384507,-3.750897167663003,0.9992548647245525,False
2018-02-09,1.223164085888362,1.502133365187297,-0.2789692792989351,False
2018-02-12,4.027827692339603,1.4684521398690364,2.5593755524705664,False
2018-02-13,1.0018029242208515,0.24876714342421113,0.7530357807966404,False
2018-02-14,1.8437269750064544,1.3496051435046175,0.49412183150183697,False
2018-02-15,3.3578328577946293,1.2760382697327932,2.081794588061836,False
2018-02-16,-0.3237210743450958,0.029274167810711127,-0.3529952421558069,False
2018-02-20,-0.3363445658619568,-0.6261116639339259,0.2897670980719691,False
2018-02-21,-0.45393138316345283,-0.4974264543345486,0.043495071171095745,False
2018-02-22,0.8359202267963051,0.12960545433837733,0.7063147724579277,False
2018-02-23,1.739141229425245,1.5939366073704608,0.14520462205478424,False
2018-02-26,1.9772010594717004,1.1612317964953434,0.8159692629763571,False
2018-02-27,-0.3240809563347713,-1.2486749365845262,0.9245939802497549,False
2018-02-28,-0.15135908068546478,-1.0129937220634933,0.8616346413780285,False
2018-03-01,-1.7516197813004952,-1.454049535976909,-0.2975702453235862,False
2018-03-02,0.6914363053191597,0.5154744706287406,0.17596183469041904,False
2018-03-05,0.34619813610548,1.1558052605796787,-0.8096071244741987,False
2018-03-06,-0.08484721262961292,0.2535015577546762,-0.3383487703842891,False
2018-03-07,-0.9282994182736592,-0.03664608956636117,-0.8916533287072981,False
2018-03-08,1.0912622370658154,0.4838943062321466,0.6073679308336688,False
2018-03-09,1.7181095275799363,1.740233327105667,-0.022123799525730625,False
2018-03-12,0.9667775996896388,-0.1254877444084812,1.09226534409812,False
2018-03-13,-0.9630643370077907,-0.6462846022262103,-0.3167797347815804,False
2018-03-14,-0.8501084528502068,-0.5131608764408435,-0.33694757640936324,False
2018-03-15,0.11766949844409513,-0.10897816687457373,0.22664766531866887,False
2018-03-16,-0.3526299229186791,0.10845579220948309,-0.4610857151281622,False
2018-03-19,-1.5279268481829367,-1.35301974073041,-0.17490710745252658,False
2018-03-20,-0.034231318574839964,0.17004899341257484,-0.2042803119874148,False
2018-03-21,-2.2654654910414074,-0.19192175785026633,-2.073543733191141,False
2018-03-22,-1.4129609589414116,-2.4997040626797418,1.0867431037383302,False
2018-03-23,-2.3156899175292955,-2.1314769670430778,-0.18421295048621777,False
2018-03-26,4.747209626804727,2.7358944466651325,2.0113151801395945,False
2018-03-27,-2.564117732118676,-1.7011840228847608,-0.8629337092339151,True
2018-03-28,-1.1049293028153162,-0.2954638820613198,-0.8094654207539964,True
2018-03-29,0.7809042227372887,1.2777576340348817,-0.4968534112975931,True
2018-04-02,-0.6556057311572716,-2.158468613346465,1.5028628821891932,True
2018-04-03,1.0259146420097398,1.2816980941398937,-0.25578345213015385,True
2018-04-04,1.9122448313078966,1.0699274659136115,0.842317365394285,True
2018-04-05,0.6933916607907209,0.789231973633342,-0.09584031284262107,True
2018-04-06,-2.557861887399737,-2.2286073267259066,-0.32925456067383063,True
2018-04-09,0.991798217399209,0.492846227574506,0.498951989824703,True
2018-04-10,1.8818154958977873,1.5900202715296352,0.2917952243681521,True
2018-04-11,-0.46752066196183995,-0.5242074800684726,0.056686818106632675,True
2018-04-12,0.9858697397709948,0.8226608806787494,0.16320885909224536,True
2018-04-13,0.33876158623966646,-0.29327829916070414,0.6320398854003706,True
2018-04-16,0.623846587570398,0.822173672465798,-0.19832708489539996,True
2018-04-17,1.3764042092831108,1.06983135360037,0.30657285568274073,True
2018-04-18,-0.22443543915586783,0.07405802274000894,-0.2984934618958768,True
2018-04-19,-2.834015889674446,-0.5547884921812574,-2.2792273974931887,True
2018-04-20,-4.09721861693254,-0.847907707679596,-3.2493109092529444,True
2018-04-23,-0.2896618425586528,-0.014991112227491499,-0.2746707303311613,True
2018-04-24,-1.3918731720822253,-1.3467538439137616,-0.045119328168463646,True
2018-04-25,0.4357129935423032,0.24716950417982275,0.18854348936248044,True
2018-04-26,0.34830329032411456,1.0165353393096321,-0.6682320489855176,True
2018-04-27,-1.1569811642834216,0.09390188048830073,-1.2508830447717223,True
2018-04-30,1.8112438255663443,-0.7690443700712923,2.5802881956376367,True
2018-05-01,2.323627013042606,0.17768237035169498,2.1459446426909112,True
2018-05-02,4.417466213814603,-0.6717508080564039,5.089217021871006,True
2018-05-03,0.18126313087338808,-0.22036076985538777,0.40162390072877585,True
2018-05-04,3.9233463678061797,1.2946468381986431,2.6286995296075366,False
2018-05-07,0.723465773550025,0.33829087629635435,0.3851748972536706,False
2018-05-08,0.48068612371903185,0.0,0.48068612371903185,False
2018-05-09,0.7041082529271936,0.966581473737893,-0.26247322081069946,False
2018-05-10,1.4303897205891314,0.9350857735962004,0.495303946992931,False
2018-05-11,-0.38033206709633394,0.30514653307061046,-0.6854786001669444,False
2018-05-14,-0.2332915679301384,0.047668407124179524,-0.2809599750543179,False
2018-05-15,-0.9088511182222758,-0.6887461852060683,-0.22010493301620748,False
2018-05-16,0.9332744845108376,0.4205041323752434,0.5127703521355942,False
2018-05-17,-0.6323802058245676,-0.084462157341747,-0.5479180484828206,False
2018-05-18,-0.3636178533133694,-0.2500111736483679,-0.11360667966500149,False
2018-05-21,0.708482578293701,0.751881655702169,-0.043399077408468045,False
2018-05-22,-0.250487810865041,-0.2780333671536517,0.027545556288610662,False
2018-05-23,0.6411280372029093,0.2751195681114149,0.3660084690914944,False
2018-05-24,-0.11147322248984404,-0.2048569878375317,0.09338376534768766,False
2018-05-25,0.22852905261578904,-0.23829108616485462,0.46682013878064366,False
2018-05-29,-0.3606120249597944,-1.1500916305956066,0.7894796056358122,False
2018-05-30,-0.21284488064973184,1.3344828751638005,-1.5473277558135323,False
2018-05-31,-0.33600520025901526,-0.6125791054034435,0.27657390514442826,False
2018-06-01,1.803396441600702,0.981774579543182,0.82162186205752,False
2018-06-04,0.8357847613627234,0.4751507858233861,0.3606339755393373,False
2018-06-05,0.7715047438430878,0.07273900827891033,0.6987657355641774,False
2018-06-06,0.3465969794399282,0.8360908829600389,-0.4894939035201107,False
2018-06-07,-0.2680472662927702,-0.010832382628811477,-0.2572148836639587,False
2018-06-08,-0.9097504407414192,0.29559777048517866,-1.2053482112265979,False
2018-06-11,-0.2451949842173562,0.1330054755891208,-0.378200459806477,False
2018-06-12,0.5490940404671241,0.12923716751147563,0.41985687295564844,False
2018-06-13,-0.8217149932351564,-0.3190580296167922,-0.5026569636183642,False
2018-06-14,0.052438384897746104,0.2517700081904328,-0.19933162329268672,False
2018-06-15,-1.027263832480263,-0.12760143770629284,-0.8996623947739701,False
2018-06-18,-0.052954887878209345,-0.20567023331644618,0.15271534543823684,False
2018-06-19,-1.6159712583791896,-0.38325892010356855,-1.232712338275621,False
2018-06-20,0.4361778259025728,0.17055983012963516,0.26561799577293765,False
2018-06-21,-0.5576305458911412,-0.626897089250189,0.0692665433590478,False
2018-06-22,-0.29114880786095254,0.18233931039621787,-0.4734881182571704,False
2018-06-25,-1.4871383866028487,-1.3612776224633194,-0.1258607641395293,False
2018-06-26,1.2406013903705881,0.2214117238333202,1.019189666537268,True
2018-06-27,-0.1463830052713111,-0.8284296760730059,0.6820466708016948,True
2018-06-28,0.7276000561960316,0.5717401468368744,0.15585990935915728,True
2018-06-29,-0.21024090019660102,0.14397195135280594,-0.35421285154940696,True
2018-07-02,1.1182665066378439,0.21378956941222604,0.9044769372256178,True
2018-07-03,-1.7416323676601397,-0.3531406641455792,-1.3884917035145605,True
2018-07-05,0.8046854358359168,0.8158196026038844,-0.011134166767967635,True
2018-07-06,1.386204461954832,0.8458378428322977,0.5403666191225343,True
2018-07-09,1.3885126383915258,0.9004267288968748,0.488085909494651,True
2018-07-10,-0.12069780869117253,0.35982011770077094,-0.48051792639194346,True
2018-07-11,-1.297613392812802,-0.7314187676398354,-0.5661946251729666,True
2018-07-12,1.6766197795615279,0.9066290359682538,0.769990743593274,True
2018-07-13,0.1570434149244626,0.0787169891672157,0.07832642575724691,True
2018-07-16,-0.21951097761822025,-0.08943427760912392,-0.13007670000909632,True
2018-07-17,0.28283719233317406,0.4045328644826318,-0.12169567214945776,True
2018-07-18,-0.548446208353004,0.2104090372710754,-0.7588552456240794,True
2018-07-19,0.7773247023900698,-0.37716519574517715,1.154489898135247,True
2018-07-20,-0.22931675011977903,-0.11432610902692986,-0.11499064109284918,True
2018-07-23,0.08882094458988465,0.18595808655026413,-0.09713714196037948,True
2018-07-24,0.7254217338247493,0.503200810387816,0.22222092343693323,True
2018-07-25,0.9429918631574941,0.8522364441888142,0.09075541896867989,True
2018-07-26,-0.3131195585336033,-0.23590857759435702,-0.07721098093924628,True
2018-07-27,-1.66312869397508,-0.6776106478682653,-0.9855180461068147,True
2018-07-30,-0.5602884655496743,-0.5223522781190648,-0.03793618743060945,True
2018-07-31,0.20011697103727855,0.49292157393940883,-0.2928046029021303,True
2018-08-01,5.891010759613646,-0.16704366711456364,6.05805442672821,True
2018-08-02,2.9230595134952297,0.5447631748150883,2.3782963386801415,True
2018-08-03,0.2893256522684462,0.42848342050478827,-0.13915776823634207,False
2018-08-06,0.5192526739609127,0.36671486803740994,0.15253780592350275,False
2018-08-07,-0.9374867147191268,0.33022632699428733,-1.2677130417134141,False
2018-08-08,0.06759537810847593,-0.04200234425546512,0.10959772236394105,False
2018-08-09,0.7864867503369233,-0.13665355941535617,0.9231403097522795,False
2018-08-10,-0.2978610021189154,-0.6699805073618448,0.37211950524292936,False
2018-08-13,0.6456976150834848,-0.3743560136951096,1.0200536287785944,False
2018-08-14,0.42131183297593466,0.6380564231090124,-0.21674459013307779,False
2018-08-15,0.2336226879576575,-0.7467304614798276,0.9803531494374851,False
2018-08-16,1.4649631715972111,0.8091656526391766,0.6557975189580345,False
2018-08-17,1.9970208051435678,0.35201711437216066,1.6450036907714072,False
2018-08-20,-0.974356727388237,0.21399109540130024,-1.1883478227895372,False
2018-08-21,-0.19493368248643117,0.23452570520188232,-0.4294593876883135,False
2018-08-22,0.004643032781093126,-0.05936085689417503,0.06400388967526816,False
2018-08-23,0.20462093606534726,-0.13276813871385684,0.3373890747792041,False
2018-08-24,0.3108968749341523,0.6018110176518876,-0.2909141427177353,False
2018-08-27,0.82346660420618,0.7895034188123429,0.033963185393837136,False
2018-08-28,0.8075711233693328,0.048332945249951464,0.7592381781193813,False
2018-08-29,1.4929581821445659,0.5381109493432845,0.9548472328012814,False
2018-08-30,0.9193513429815336,-0.4048402029835363,1.32419154596507,False
2018-08-31,1.1553998979510816,0.003436887988872428,1.1519630099622091,False
2018-09-04,0.32069009281971983,-0.1722282303363354,0.4929183231560552,False
2018-09-05,-0.652474755424215,-0.2691457255518115,-0.38332902987240347,False
2018-09-06,-1.661746622006266,-0.30098743523070404,-1.360759186775562,False
2018-09-07,-0.806815899878166,-0.19431148400979037,-0.6125044158683757,False
2018-09-10,-1.3420615690492577,0.1738391095317482,-1.5159006785810059,False
2018-09-11,2.528264506211997,0.32972350400426453,2.1985410022077323,False
2018-09-12,-1.2418911581979608,0.02422156492660754,-1.2661127231245684,False
2018-09-13,2.415538996276534,0.5914109451641281,1.8241280511124058,False
2018-09-14,-1.1351065498241941,0.017212075284667172,-1.1523186251088613,False
2018-09-17,-2.6626218111402533,-0.5294159733810422,-2.133205837759211,False
2018-09-18,0.16521434293761406,0.5426141271876794,-0.3773997842500654,False
2018-09-19,0.059577702266455645,0.1065558419909296,-0.046978139724473955,False
2018-09-20,0.7601921634345032,0.8103799079657525,-0.0501877445312493,False
2018-09-21,-1.077148285903884,-0.09131544458440555,-0.9858328413194783,False
2018-09-24,1.4380179866372078,-0.33222257381142484,1.7702405604486326,False
2018-09-25,0.6341100115481613,-0.09279429760744584,0.7269043091556071,False
2018-09-26,-0.7966103021626814,-0.2992437377868362,-0.49736656437584514,False
2018-09-27,2.055149160634673,0.2794306782434308,1.775718482391242,True
2018-09-28,0.35117743770689547,0.010344363994807537,0.34083307371208793,True
2018-10-01,0.6733592637406138,0.34742197211514725,0.3259372916254666,True
2018-10-02,0.8888500256551746,-0.058299875935807766,0.9471499015909823,True
2018-10-03,1.216869159787648,0.054880443632532305,1.1619887161551157,True
2018-10-04,-1.7580912611991906,-0.7815120652616137,-0.9765791959375769,True
2018-10-05,-1.6228924598269523,-0.5597576820456585,-1.0631347777812938,True
2018-10-08,-0.23182513687254325,0.0,-0.23182513687254325,True
2018-10-09,1.385323873258959,-0.14594497801990736,1.5312688512788664,True
2018-10-10,-4.63261931404062,-3.1663096534420343,-1.466309660598586,True
2018-10-11,-0.8827784880539036,-2.2026416320081066,1.319863143954203,True
2018-10-12,3.5719276760922014,1.3888504833609927,2.1830771927312087,True
2018-10-15,-2.138559838101739,-0.5616979685859835,-1.5768618695157555,True
2018-10-16,2.203697183933384,2.186555458375028,0.017141725558356136,True
2018-10-17,-0.43214677941405544,0.017869238197731896,-0.45001601761178733,True
2018-10-18,-2.3373606394531565,-1.4441314573417463,-0.8932291821114102,True
2018-10-19,1.5230136078246748,-0.0542723683813251,1.5772859762059999,True
2018-10-22,0.6110220410568079,-0.4488581385761914,1.0598801796329993,True
2018-10-23,0.9426636361924645,-0.5090774915901042,1.4517411277825687,True
2018-10-24,-3.4301609580946746,-3.0298698221367992,-0.40029113595787535,True
2018-10-25,2.189789110067153,1.7940820884712494,0.39570702159590354,True
2018-10-26,-1.5923599545282885,-1.7587718857591583,0.16641193123086984,True
2018-10-29,-1.8770310337187346,-0.5540018858434359,-1.3230291478752987,True
2018-10-30,0.49943590291838813,1.481862408996104,-0.982426506077716,True
2018-10-31,2.6066696000359935,1.0680605888873984,1.538609011148595,True
2018-11-01,1.535213467766905,1.0641831228872967,0.47103034487960826,True
2018-11-02,-6.633074373820447,-0.5923224700115304,-6.040751903808917,True
2018-11-05,-2.838809657272656,0.5517137315131704,-3.3905233887858266,False
2018-11-06,1.0813909449944425,0.6327891932632168,0.44860175173122574,False
2018-11-07,3.032842989694484,2.140904686174294,0.89193830352019,False
2018-11-08,-0.34890745515088195,-0.18151708051495907,-0.16739037463592288,False
2018-11-09,-1.9281653476274974,-0.9768117335195892,-0.9513536141079082,False
2018-11-12,-5.037407160993357,-1.868494397011311,-3.1689127639820462,False
2018-11-13,-0.9991365721094492,-0.18713138629370407,-0.8120051858157451,False
2018-11-14,-2.8247058472902875,-0.6836502176858827,-2.1410556296044048,False
2018-11-15,2.4678360282187617,1.043663050711463,1.4241729775072987,False
2018-11-16,1.1075787391094716,0.2600444692169246,0.847534269892547,False
2018-11-19,-3.9631943606589504,-1.6914412329208206,-2.2717531277381298,False
2018-11-20,-4.777785423992031,-1.850607679923577,-2.9271777440684543,False
2018-11-21,-0.11301857153375172,0.34075481031787813,-0.45377338185162985,False
2018-11-23,-2.5398763159719895,-0.6678811052245215,-1.871995210747468,False
2018-11-26,1.3523814775376897,1.614451976539688,-0.2620704990019984,False
2018-11-27,-0.21762273628241902,0.3364300240988882,-0.5540527603813072,False
2018-11-28,3.845273918502312,2.3025607166537565,1.5427132018485556,False
2018-11-29,-0.7682191403700855,-0.21850968526140324,-0.5497094551086823,False
2018-11-30,-0.5402281519438668,0.6094944092825072,-1.149722561226374,False
2018-12-03,3.49420173188697,1.324121757240837,2.170079974646133,False
2018-12-04,-4.398864894208576,-3.240196421682151,-1.1586684725264251,False
2018-12-06,-1.1149204060996842,-0.15172657415136737,-0.9631938319483169,False
2018-12-07,-3.565730003945833,-2.3235900816711896,-1.2421399222746432,False
2018-12-10,0.6588006302556737,0.18968166696093913,0.46911896329473457,False
2018-12-11,-0.5719598047008057,0.022722584387646627,-0.5946823890884523,False
2018-12-12,0.27876028756503857,0.5035759910701598,-0.22481570350512126,False
2018-12-13,1.093986141538883,-0.03395682443132486,1.1279429659702078,False
2018-12-14,-3.199759005403513,-1.8464716347803334,-1.3532873706231796,False
2018-12-17,-0.9306061697498702,-1.9618227327992899,1.0312165630494197,False
2018-12-18,1.2992446434191285,-0.10964219793110352,1.408886841350232,False
2018-12-19,-3.119158535322064,-1.4975903555614622,-1.6215681797606019,False
2018-12-20,-2.52347778417914,-1.6277966760644524,-0.8956811081146876,False
2018-12-21,-3.8895783980051224,-2.0489240407699616,-1.8406543572351608,False
2018-12-24,-2.587394376259111,-2.642297211367073,0.05490283510796168,False
2018-12-26,7.042164853310284,5.052446091742757,1.9897187615675271,True
2018-12-27,-0.6489895689535508,0.7677503103993288,-1.4167398793528796,True
2018-12-28,0.051221552845515106,-0.1289794658780985,0.1802010187236136,True
2018-12-31,0.9665583764917329,0.8758687293325629,0.09068964715917005,True
2019-01-02,0.11408677675861512,0.10403959438067822,0.010047182377936892,True
2019-01-03,-9.960719771021488,-2.3862664250709376,-7.57445334595055,True
2019-01-04,4.268946869333634,3.349583337733497,0.919363531600137,True
2019-01-07,-0.22260883570686119,0.788434607334243,-1.0110434430411042,True
2019-01-08,1.9063119673432327,0.9395353887683422,0.9667765785748905,True
2019-01-09,1.698165148748343,0.4673543460855134,1.2308108026628295,True
2019-01-10,0.31963797252219095,0.352752523985278,-0.03311455146308706,True
2019-01-11,-0.9818085519755937,0.0386222076317555,-1.0204307596073492,True
2019-01-14,-1.5036962516079222,-0.6100909371189123,-0.8936053144890099,True
2019-01-15,2.046655993782842,1.146087590461442,0.9005684033214001,True
2019-01-16,1.2216573215881876,0.24199233337944825,0.9796649882087394,True
2019-01-17,0.5937929834446409,0.7586806618768538,-0.16488767843221286,True
2019-01-18,0.6159669117533406,1.3309969401620103,-0.7150300284086697,True
2019-01-22,-2.2446299306776885,-1.3510503591955048,-0.8935795714821837,True
2019-01-23,0.40440973263231594,0.20924131836037585,0.1951684142719401,True
2019-01-24,-0.7926020610301787,0.05311414355697597,-0.8457162045871547,True
2019-01-25,3.3136530969757327,0.8461691433134577,2.467483953662275,True
2019-01-28,-0.9254264463736339,-0.7600126628346637,-0.16541378353897018,True
2019-01-29,-1.0364769578468547,-0.13270563503634536,-0.9037713228105093,True
2019-01-30,6.83346753222096,1.5830861790827822,5.250381353138178,True
2019-01-31,0.7201280719720149,0.8782353243298013,-0.15810725235778644,True
2019-02-01,0.04806445824703243,0.048147832703260285,-8.337445622785822e-05,False
2019-02-04,2.8404639186683234,0.7035561674801016,2.1369077511882217,False
2019-02-05,1.71097683918624,0.4191782633704788,1.2917985758157613,False
2019-02-06,0.03445799055004084,-0.13182639099860172,0.16628438154864256,False
2019-02-07,-1.8939379984556304,-0.9532657362377073,-0.9406722622179231,False
2019-02-08,0.11751892925027096,0.12212253027532594,-0.004603601025054971,False
2019-02-11,-0.575136817111177,0.05547275800164009,-0.6306095751128171,False
2019-02-12,0.8617398485195382,1.2859434930442948,-0.42420364452475656,False
2019-02-13,-0.4154863431563349,0.32467128510245136,-0.7401576282587863,False
2019-02-14,0.3643466994102562,-0.22179772896104843,0.5861444283713046,False
2019-02-15,-0.2225221408828526,1.089742939664884,-1.3122650805477365,False
2019-02-19,0.2993050470795344,0.17304425703674742,0.126260790042787,False
2019-02-20,0.6435473255953061,0.20155555677685566,0.4419917688184505,False
2019-02-21,-0.5638782069144921,-0.35560066321586037,-0.20827754369863172,False
2019-02-22,1.1165712323497612,0.6199763118421409,0.49659492050762033,False
2019-02-25,0.7284317681611752,0.13610981222704766,0.5923219559341275,False
2019-02-26,0.057422065664569644,-0.07151636918762971,0.12893843485219936,False
2019-02-27,0.30973254620758617,-0.042939316158741025,0.3526718623663272,False
2019-02-28,-0.9835769568236064,-0.18629412217615604,-0.7972828346474503,False
2019-03-01,1.0510998267977634,0.6244245448855157,0.4266752819122477,False
2019-03-04,0.5029505604859486,-0.3637429621533239,0.8666935226392725,False
2019-03-05,-0.18198329900909194,-0.13602561216535802,-0.045957686843733914,False
2019-03-06,-0.5753662619600197,-0.6057128186673588,0.0303465567073391,False
2019-03-07,-1.1574741709705183,-0.8365311088810667,-0.32094306208945156,False
2019-03-08,0.23767020394507288,-0.19998467493652639,0.43765487888159926,False
2019-03-11,3.4642322593714248,1.4501252354752747,2.01410702389615,False
2019-03-12,1.1235267594925435,0.3770663700183752,0.7464603894741684,False
2019-03-13,0.4422288006507902,0.6619463959461891,-0.21971759529539892,False
2019-03-14,1.1116659054122735,-0.06397968860484271,1.1756455940171162,False
2019-03-15,1.300791894517972,0.4940494409100715,0.8067424536079004,False
2019-03-18,1.0208489142061516,0.36259345565139434,0.6582554585547573,False
2019-03-19,-0.7924470093609304,0.024800357125132066,-0.8172473664860624,False
2019-03-20,0.8738547078090297,-0.3009939097768366,1.1748486175858663,False
2019-03-21,3.683019667812837,1.1294994178719486,2.553520249940888,False
2019-03-22,-2.070831367215087,-1.9246596017739481,-0.14617176544113875,False
2019-03-25,-1.2090995992250608,-0.07522167255252787,-1.133877926672533,False
2019-03-26,-1.033185720456442,0.7454458445743883,-1.7786315650308304,True
2019-03-27,0.8993804777299497,-0.522916842804011,1.4222973205339606,True
2019-03-28,0.13268757020148403,0.37901348368631904,-0.246325913484835,True
2019-03-29,0.6517545655587709,0.6305556800891177,0.021198885469653206,True
2019-04-01,0.6791142912135673,1.185910016942593,-0.5067957257290256,True
2019-04-02,1.4536793857206964,0.049005180648986624,1.4046742050717098,True
2019-04-03,0.6854910973128625,0.15736355091562348,0.528127546397239,True
2019-04-04,0.17404237024163383,0.26532839431381294,-0.09128602407217912,True
2019-04-05,0.6694423801292482,0.48399525192670545,0.18544712820254272,True
2019-04-08,1.5735886864554738,0.07627527518514476,1.497313411270329,True
2019-04-09,-0.29984564513489964,-0.5124856895445951,0.21264004440969542,True
2019-04-10,0.5614224228557729,0.3410809724535335,0.2203414504022394,True
2019-04-11,-0.8324420541063082,-0.027715455438759307,-0.8047265986675489,True
2019-04-12,-0.040183205861621385,0.6765618149805697,-0.716745020842191,True
2019-04-15,0.18098951972251864,-0.0654945871780166,0.24648410690053524,True
2019-04-16,0.010041709185526493,0.06553751070008662,-0.05549580151456013,True
2019-04-17,1.9473105397125323,-0.2446877776970502,2.1919983174095825,True
2019-04-18,0.35936729078771545,0.19693069643225147,0.16243659435546398,True
2019-04-22,0.328670885227611,0.08619170250803165,0.24247918271957936,True
2019-04-23,1.442309720603907,0.8991646872488879,0.5431450333550192,True
2019-04-24,-0.15420944496845612,-0.2219285578992536,0.06771911293079746,True
2019-04-25,-0.9075253469806976,-0.0616201569360153,-0.8459051900446823,True
2019-04-26,-0.4773787828261655,0.46566364009592576,-0.9430424229220913,True
2019-04-29,0.15174475969834678,0.15679314324481552,-0.005048383546468749,True
2019-04-30,-1.9256387856758095,0.051067402993787425,-1.976706188669597,True
2019-05-01,4.908555536285153,-0.7516704489960113,5.660225985281164,True
2019-05-02,-0.6507705470613967,-0.21587679716912334,-0.43489374989227336,True
2019-05-03,1.2431620927816134,0.9787568595127194,0.264405233268894,False
2019-05-06,-1.5442913508380007,-0.41149970056453267,-1.132791650273468,False
2019-05-07,-2.6957034072455532,-1.6699451070359195,-1.0257583002096338,False
2019-05-08,0.019700408848466466,-0.13893821913376625,0.15863862798223272,False
2019-05-09,-1.0744255500753752,-0.3025737628562397,-0.7718517872191355,False
2019-05-10,-1.385348678100462,0.5023393908779816,-1.8876880689784437,False
2019-05-13,-5.811915098014286,-2.51304481816762,-3.2988702798466663,False
2019-05-14,1.583015421747458,0.9043904569629335,0.6786249647845244,False
2019-05-15,1.1979174796458159,0.5857071202132191,0.6122103594325967,False
2019-05-16,-0.4399713789321691,0.9261349784575712,-1.3661063573897403,False
2019-05-17,-0.5681761083818127,-0.6465248467474427,0.07834873836563006,False
2019-05-20,-3.12700422669433,-0.6612158485672315,-2.4657883781270984,False
2019-05-21,1.9170905398291582,0.9016163964780111,1.0154741433511472,False
2019-05-22,-2.047170543660648,-0.3071531134922978,-1.7400174301683502,False
2019-05-23,-1.7069408301559896,-1.2218766696162064,-0.4850641605397832,False
2019-05-24,-0.38406646898070385,0.2268500698200615,-0.6109165388007654,False
2019-05-28,-0.4134662250383392,-0.930047652016619,0.5165814269782798,False
2019-05-29,-0.47689718617531796,-0.6710997834774912,0.19420259730217326,False
2019-05-30,0.5186408834107148,0.2731297851815695,0.2455110982291453,False
2019-05-31,-1.8115372082330827,-1.347526721270964,-0.46401048696211866,False
2019-06-03,-1.011025676206101,-0.2542599417459823,-0.7567657344601186,False
2019-06-04,3.65838581315292,2.1706653000366893,1.4877205131162308,False
2019-06-05,1.6143432909195843,0.8662053287795679,0.7481379621400164,False
2019-06-06,1.4681296280729006,0.6502687309781097,0.8178608970947909,False
2019-06-07,2.661733875770733,1.0006707121340108,1.6610631636367224,False
2019-06-10,1.2779276703787756,0.45891563988211814,0.8190120304966575,False
2019-06-11,1.1579695106216148,-0.024236333361937756,1.1822058439835526,False
2019-06-12,-0.31823760411950897,-0.17654830005749966,-0.1416893040620093,False
2019-06-13,-0.02064856833450257,0.4126941283751906,-0.43334269670969316,False
2019-06-14,-0.7262106667659252,-0.1105195785205848,-0.6156910882453404,False
2019-06-17,0.5966486291757445,0.03800576486951979,0.5586428643062247,False
2019-06-18,2.351840964725471,1.0471081934353865,1.3047327712900847,False
2019-06-19,-0.29226735199539,0.2257244795633051,-0.5179918315586951,False
2019-06-20,0.8035751851503514,0.9554161788771109,-0.15184099372675952,False
2019-06-21,-0.340921188699983,-0.14535449699681902,-0.195566691703164,False
2019-06-24,-0.10058663122711753,-0.12245436607908333,0.021867734851965803,False
2019-06-25,-1.5157774852503136,-0.980790205929305,-0.5349872793210086,True
2019-06-26,2.1628857229226695,-0.09975585428221301,2.2626415772048825,True
2019-06-27,-0.0300195509495782,0.35459281320753266,-0.38461236415711086,True
2019-06-28,-0.9111772887138159,0.5146063688607816,-1.4257836575745975,True
2019-07-01,1.834061367167994,0.9078298271468555,0.9262315400211385,True
2019-07-02,0.5854873718572629,0.26044325957652603,0.3250441122807368,True
2019-07-03,0.8286502429511788,0.7995116571773542,0.029138585773824666,True
2019-07-05,-0.08804316778476817,-0.11378100397333446,0.025737836188566288,True
2019-07-08,-2.0614067426638627,-0.5494677562673411,-1.5119389863965216,True
2019-07-09,0.609933070664681,0.12462112154705274,0.4853119491176283,True
2019-07-10,0.988903665580021,0.47782865752399317,0.5110750080560278,True
2019-07-11,-0.728235242791686,0.2344060156742156,-0.9626412584659017,True
2019-07-12,0.768261699418038,0.4477211076497456,0.3205405917682924,True
2019-07-15,0.9395069520507837,0.03326893883268678,0.9062380132180969,True
2019-07-16,-0.3459903239994122,-0.32253989547524897,-0.023450428524163236,True
2019-07-17,-0.5623609898773974,-0.6805214392628045,0.11816044938540715,True
2019-07-18,1.135967349568956,0.36611365309653365,0.7698536964724223,True
2019-07-19,-1.4927449061943432,-0.5554929252930441,-0.9372519809012991,True
2019-07-22,2.285384056613071,0.24562243905230652,2.0397616175607647,True
2019-07-23,0.781789279086631,0.7150290633271661,0.06676021575946489,True
2019-07-24,-0.08141173016428249,0.4699437483933533,-0.5513554785576358,True
2019-07-25,-0.7907132858597676,-0.4777168633907758,-0.31299642246899184,True
2019-07-26,0.3478018160924856,0.6699921774661721,-0.3221903613736865,True
2019-07-29,0.9338554435847746,-0.18209400423457867,1.1159494478193532,True
2019-07-30,-0.4292274922410355,-0.24548406790443345,-0.18374342433660207,True
2019-07-31,2.040422197014591,-1.094019635848531,3.134441832863122,True
2019-08-01,-2.1639048377403824,-0.8708074671774257,-1.2930973705629567,True
2019-08-02,-2.1158204441355632,-0.7529420833606082,-1.362878360774955,False
2019-08-05,-5.234779311426374,-3.0073061940932067,-2.2274731173331674,False
2019-08-06,1.8930442239711631,1.4023008167314277,0.4907434072397354,False
2019-08-07,1.0355431325070663,0.05905321401351582,0.9764899184935505,False
2019-08-08,2.2055522841786246,1.962013190457923,0.2435390937207016,False
2019-08-09,-0.8240150931195456,-0.6811608142738401,-0.14285427884570545,False
2019-08-12,-0.2537682782551287,-1.2173246159392526,0.9635563376841239,False
2019-08-13,4.234847664496377,1.5551628329528056,2.6796848315435717,False
2019-08-14,-2.976503548360243,-2.9567352391363433,-0.019768309223899827,False
2019-08-15,-0.4981408685123978,0.264173305836346,-0.7623141743487438,False
2019-08-16,2.3594602986200863,1.475470345371721,0.8839899532483653,False
2019-08-19,1.8643962759379074,1.2047763645658405,0.6596199113720669,False
2019-08-20,0.00475695108534957,-0.7662732135607309,0.7710301646460804,False
2019-08-21,1.083862339931696,0.8135895108402957,0.27027282909140027,False
2019-08-22,-0.08463586480007557,-0.03078733493194763,-0.05384852986812794,False
2019-08-23,-4.622073973007634,-2.56873969031145,-2.053334282696184,False
2019-08-26,1.899949767584097,1.1058345905626377,0.7941151770214594,False
2019-08-27,-1.12838969240453,-0.3923757393161642,-0.7360139530883658,False
2019-08-28,0.6710264107469888,0.7041618824592755,-0.0331354717122867,False
2019-08-29,1.6931995262346566,1.2772541619168853,0.4159453643177713,False
2019-08-30,-0.1291776363208763,-0.0443678715935647,-0.08480976472731161,False
2019-09-03,-1.4563777978031878,-0.5847409322791264,-0.8716368655240614,False
2019-09-04,1.696664712906304,1.135042316761603,0.5616223961447009,False
2019-09-05,1.9551684622341803,1.2855501555512294,0.6696183066829509,False
2019-09-06,-0.009390634793526864,0.07722873364970351,-0.08661936844323037,False
2019-09-09,0.4267079863658596,0.050299251783125776,0.37640873458273383,False
2019-09-10,1.1813093323911117,-0.023451411944119815,1.2047607443352315,False
2019-09-11,3.179513328566008,0.7111053371017695,2.4684079914642387,False
2019-09-12,-0.22364267555875506,0.34639071268876,-0.570033388247515,False
2019-09-13,-1.945374497687724,-0.06640768673158437,-1.8789668109561397,False
2019-09-16,0.5257018153306259,-0.3088652707579298,0.8345670860885557,False
2019-09-17,0.3638125827952976,0.2532118851202636,0.110600697675034,False
2019-09-18,0.9379212328668673,0.05978565874891206,0.8781355741179553,False
2019-09-19,-0.8125062508831271,-0.006621512344484604,-0.8058847385386425,False
2019-09-20,-1.4617901668983135,-0.472503549667147,-0.9892866172311665,False
2019-09-23,0.4546768835682613,-0.023471987103418357,0.47814887067167966,False
2019-09-24,-0.4755079855035538,-0.7846781270972047,0.30917014159365097,False
2019-09-25,1.5389632996438474,0.5914889477577567,0.9474743518860906,True
2019-09-26,-0.5157520432747531,-0.2083428913783325,-0.3074091518964206,True
2019-09-27,-0.4866223388911295,-0.5387230655369613,0.05210072664583176,True
2019-09-30,2.3535387508140992,0.4637976048792902,1.889741145934809,True
2019-10-01,0.27683283244896995,-1.1894944231453874,1.4663272555943574,True
2019-10-02,-2.5067809756343817,-1.766437997601733,-0.7403429780326487,True
2019-10-03,0.8494574244690689,0.8192393151221999,0.03021810934686897,True
2019-10-04,2.8031792498207864,1.3532206561733373,1.449958593647449,True
2019-10-07,0.02203223244354735,-0.43146804988698495,0.4535002823305323,True
2019-10-08,-1.1714878272539475,-1.5524406180301598,0.38095279077621225,True
2019-10-09,1.172018211827397,0.9496348570925406,0.22238335473485638,True
2019-10-10,1.3478288991268572,0.676318877537252,0.6715100215896053,True
2019-10-11,2.6598288114821456,1.0367086719439866,1.623120139538159,True
2019-10-14,-0.14394904142169818,-0.11138608409293482,-0.03256295732876335,True
2019-10-15,-0.23316357748400796,0.9900566880731043,-1.2232202655571123,True
2019-10-16,-0.40372181511603156,-0.16060363587013793,-0.24311817924589363,True
2019-10-17,0.38827387852213846,0.2948856027120472,0.09338827581009124,True
2019-10-18,0.4802822368363824,-0.4377122976770176,0.9179945345134,True
2019-10-21,1.7342851163389739,0.6779252493039456,1.0563598670350283,True
2019-10-22,-0.22867846751206677,-0.3266900554315555,0.09801158791948872,True
2019-10-23,1.341882353236623,0.29097110950238037,1.0509112437342427,True
2019-10-24,0.16447907904757475,0.16340494752504764,0.0010741315225271109,True
2019-10-25,1.2316292698373754,0.40952834158736184,0.8221009282500136,True
2019-10-28,1.0017051367485763,0.5635955512003576,0.43810958554821866,True
2019-10-29,-2.3128004489709975,-0.02964883727345491,-2.2831516116975425,True
2019-10-30,-0.012312593880270395,0.3066976465836868,-0.3190102404639572,True
2019-10-31,2.2609397080571636,-0.2663226175608102,2.527262325617974,True
2019-11-01,2.838096642962684,0.9264151615790084,1.9116814813836758,True
2019-11-04,0.6566941281543892,0.4017659686996078,0.2549281594547814,False
2019-11-05,-0.14367438273439337,-0.11064454530667067,-0.0330298374277227,False
2019-11-06,0.04276346199518777,0.022824868511750473,0.019938593483437295,False
2019-11-07,1.1541137676537305,0.35169956337512964,0.8024142042786009,False
2019-11-08,0.27372293912191203,0.2465854908432652,0.027137448278646836,False
2019-11-11,0.7918818722167265,-0.19099197315908256,0.982873845375809,False
2019-11-12,-0.09154530672622618,0.21085027459810668,-0.30239558132433286,False
2019-11-13,0.958159343292353,0.03229693599335892,0.925862407298994,False
2019-11-14,-0.6919595045658644,0.14562492908227753,-0.837584433648142,False
2019-11-15,1.187926966371955,0.7236170234388828,0.46430994293307215,False
2019-11-18,0.5042089195613331,0.07375137082985539,0.4304575487314777,False
2019-11-19,-0.30320723454450027,-0.02883096857896339,-0.2743762659655369,False
2019-11-20,-1.1641628913712343,-0.3718636743049286,-0.7922992170663057,False
2019-11-21,-0.44836969417580974,-0.16090958823858914,-0.2874601059372206,False
2019-11-22,-0.08777395039800684,0.22239197464615224,-0.3101659250441591,False
2019-11-25,1.7534276921932213,0.7750518853730348,0.9783758068201864,False
2019-11-26,-0.780886916786161,0.22657828661063473,-1.0074652033967957,False
2019-11-27,1.3432193942558346,0.4457069023993565,0.8975124918564781,False
2019-11-29,-0.22030748365432506,-0.3708722547115184,0.15056477105719335,False
2019-12-02,-1.15620118997517,-0.849438362560273,-0.306762827414897,False
2019-12-03,-1.7830326320031342,-0.6706645369319753,-1.112368095071159,False
2019-12-04,0.8826463742419577,0.617027547200899,0.26561882704105866,False
2019-12-05,1.4671060897466948,0.17976532297907521,1.2873407667676195,False
2019-12-06,1.931643917818393,0.9134204297444715,1.0182234880739216,False
2019-12-09,-1.4000377050034318,-0.3144082209337151,-1.0856294840697167,False
2019-12-10,0.5844334156504649,-0.11151641857755079,0.6959498342280157,False
2019-12-11,0.8529595772867049,0.28387897266446416,0.5690806046222407,False
2019-12-12,0.2548144397340524,0.8619030669852368,-0.6070886272511844,False
2019-12-13,1.3593030751385404,0.05990924440693046,1.29939383073161,False
2019-12-16,1.7117868660841973,0.6869776306448694,1.024809235439328,False
2019-12-17,0.1965637888305949,0.02192354433636634,0.17464024449422855,False
2019-12-18,-0.23895013497469142,0.006262496849118726,-0.24521263182381015,False
2019-12-19,0.10009303961706628,0.4099060631938434,-0.3098130235767771,False
2019-12-20,-0.20712261496197426,0.4384142124714385,-0.6455368274334128,False
2019-12-23,1.6318365759970144,0.15277207119284153,1.4790645048041728,False
2019-12-24,0.09505102270312982,0.003110290915886438,0.09194073178724338,True
2019-12-26,1.984064790002349,0.5323304684989205,1.4517343215034284,True
2019-12-27,-0.037967378594094825,-0.024780739951035802,-0.013186638643059023,True
2019-12-30,0.5935024390840038,-0.5513044109716647,1.1448068500556685,True
2019-12-31,0.7306620560540766,0.2429366395064747,0.48772541654760193,True
2020-01-02,2.2816031405006987,0.9351636106917471,1.3464395298089515,True
2020-01-03,-0.9721581920285383,-0.757232266246255,-0.2149259257822833,True
2020-01-06,0.7968135114056585,0.3815153415442918,0.4152981698613667,True
2020-01-07,-0.4702902575484891,-0.28118763548220516,-0.18910262206628392,True
2020-01-08,1.6086447448052432,0.5329520758992512,1.075692668905992,True
2020-01-09,2.124050595418736,0.6780884397222131,1.445962155696523,True
2020-01-10,0.22607138042736175,-0.28776211203218605,0.5138334924595478,True
2020-01-13,2.1364399684252744,0.6877143100198824,1.448725658405392,True
2020-01-14,-1.3503293295161756,-0.15244503062914472,-1.1978842988870309,True
2020-01-15,-0.42855859981133504,0.22595538538019433,-0.6545139851915294,True
2020-01-16,1.2526662792381682,0.8318781039158063,0.4207881753223619,True
2020-01-17,1.1070913892301304,0.3112411524668124,0.795850236763318,True
2020-01-21,-0.6776901351888132,-0.19584463453822254,-0.4818455006505906,True
2020-01-22,0.35692888930529687,0.01207268864305,0.34485620066224687,True
2020-01-23,0.48159437028154617,0.11470182500734616,0.3668925452742,True
2020-01-24,-0.2881937438531601,-0.889306129185663,0.6011123853325029,True
2020-01-27,-2.9405325203962773,-1.602930519587209,-1.3376020008090683,True
2020-01-28,2.828975366136599,1.0479353064789976,1.7810400596576015,True
2020-01-29,2.0931945448066758,-0.08263327838031742,2.175827823186993,True
2020-01-30,-0.14490249913183817,0.3245357886125788,-0.469438287744417,True
2020-01-31,-4.433882011200718,-1.8157757158584031,-2.618106295342315,False
2020-02-03,-0.27461514036634105,0.7428435679967871,-1.0174587083631281,False
2020-02-04,3.3013726360373363,1.524133779276582,1.7772388567607544,False
2020-02-05,0.8154311203423692,1.1547832845772321,-0.3393521642348629,False
2020-02-06,1.1696909101926334,0.3365010434803972,0.8331898667122362,False
2020-02-07,-1.3592834522001884,-0.5329783468198346,-0.8263051053803538,False
2020-02-10,0.47495514520612403,0.7465689567021982,-0.2716138114960742,False
2020-02-11,-0.6033075964211987,0.17330092996008517,-0.7766085263812839,False
2020-02-12,2.3747770105666977,0.6442642669549414,1.7305127436117562,False
2020-02-13,-0.7121116440502284,-0.10671304189908692,-0.6053986021511415,False
2020-02-14,0.02462521318871147,0.16023068001063123,-0.13560546682191976,False
2020-02-18,-1.8310396232415704,-0.2576931613603284,-1.573346461881242,False
2020-02-19,1.4482744298780492,0.47809705090242627,0.970177378975623,False
2020-02-20,-1.0259228109741114,-0.4107990694000918,-0.6151237415740196,False
2020-02-21,-2.263481707865367,-1.0298552057066535,-1.2336265021587134,False
2020-02-24,-4.75004569870856,-3.3165410616730284,-1.433504637035532,False
2020-02-25,-3.3872129089236758,-3.0301922277613524,-0.35702068116232333,False
2020-02-26,1.5863306579484426,-0.3678393398597768,1.9541699978082194,False
2020-02-27,-6.536804422976794,-4.491137199173833,-2.045667223802961,False
2020-02-28,-0.058496595964052656,-0.4201510882746007,0.361654492310548,False
2020-03-02,9.310107024184822,4.330614970752311,4.9794920534325104,False
2020-03-03,-3.1759489550939546,-2.863217524261763,-0.31273143083219157,False
2020-03-04,4.638436749164687,4.2032839930931765,0.4351527560715107,False
2020-03-05,-3.243684603637187,-3.324160819282096,0.08047621564490903,False
2020-03-06,-1.3279957335961656,-1.6531332500998919,0.32513751650372624,False
2020-03-09,-7.9091948929630895,-7.8094162661941136,-0.09977862676897598,False
2020-03-10,7.202108087857706,5.174490233975337,2.0276178538823686,False
2020-03-11,-3.4730363358408622,-4.874872178339739,1.401835842498877,False
2020-03-12,-9.875465260084082,-9.567714419288754,-0.3077508407953289,False
2020-03-13,11.980820693114879,8.548626950763193,3.4321937423516857,False
2020-03-16,-12.864693083797185,-10.942369325105128,-1.9223237586920572,False
2020-03-17,4.397000623920344,5.39921086587456,-1.0022102419542156,False
2020-03-18,-2.447980629936275,-5.063301894920325,2.6153212649840496,False
2020-03-19,-0.7662179648021072,0.2125004050121282,-0.9787183698142354,False
2020-03-20,-6.348546536053979,-4.309419897579425,-2.0391266384745537,False
2020-03-23,-2.1244160778278065,-2.5568154275122823,0.4323993496844758,False
2020-03-24,10.03254114039509,9.060318617208797,0.9722225231862929,False
2020-03-25,-0.5508744262629817,1.4970329558031903,-2.047907382066172,False
2020-03-26,5.262282842161836,5.8389903350358985,-0.5767074928740623,True
2020-03-27,-4.140216835921984,-2.9785744005075276,-1.161642435414456,True
2020-03-30,2.8538214417527685,3.247551585290842,-0.39373014353807356,True
2020-03-31,-0.20410435896170975,-1.4905414383502458,1.286437079388536,True
2020-04-01,-5.261692750489111,-4.500453496185197,-0.7612392543039137,True
2020-04-02,1.668664871686687,2.30752857459422,-0.6388637029075328,True
2020-04-03,-1.4371505434336407,-1.4454333733157188,0.008282829882078069,True
2020-04-06,8.723728073597004,6.716620497358572,2.0071075762384316,True
2020-04-07,-1.158208882752365,0.10193977453121228,-1.2601486572835774,True
2020-04-08,2.5594491689655996,3.356853007747973,-0.7974038387823734,True
2020-04-09,0.7216378117061995,1.5217428732205107,-0.8001050615143113,True
2020-04-13,1.9627226424615785,-0.9130172238973389,2.8757398663589173,True
2020-04-14,5.0503403936490665,2.9492643278596686,2.101076065789398,True
2020-04-15,-0.9127322712081054,-2.1247886329501364,1.212056361742031,True
2020-04-16,0.7945820733198605,0.48243902404137007,0.31214304927849046,True
2020-04-17,-1.356865107166183,2.7015651853728784,-4.058430292539061,True
2020-04-20,-2.075714619720226,-1.7618485716939025,-0.31386604802632334,True
2020-04-21,-3.090975470699764,-3.036295846284831,-0.05467962441493279,True
2020-04-22,2.880313442348248,2.2194543107876274,0.6608591315606205,True
2020-04-23,-0.3875519059053256,-0.007176811000042527,-0.3803750949052831,True
2020-04-24,2.886967600685253,1.39387231928354,1.4930952814017129,True
2020-04-27,0.07072341559315465,1.441846713226691,-1.3711232976335364,True
2020-04-28,-1.6209771760683056,-0.45984745876291866,-1.161129717305387,True
2020-04-29,3.2845573860784905,2.6178596506677643,0.6666977354107262,True
2020-04-30,2.109570486997603,-0.9311089998245259,3.0406794868221287,True
2020-05-01,-1.6099269595229115,-2.647291673267871,1.0373647137449593,True
2020-05-04,1.414892040465654,0.27576333665910724,1.1391287038065467,False
2020-05-05,1.5008748350941126,0.9239998991235954,0.5768749359705172,False
2020-05-06,1.0317133270692835,-0.6779209252672058,1.7096342523364894,False
2020-05-07,1.0345040706813968,1.2067240069158602,-0.1722199362344634,False
2020-05-08,2.3801677612395933,1.6545481978009313,0.725619563438662,False
2020-05-11,1.5735450951693597,0.020559629491923026,1.5529854656774367,False
2020-05-12,-1.142830662617078,-1.9931497080815763,0.8503190454644982,False
2020-05-13,-1.2074039642864465,-1.7686057238999742,0.5612017596135277,False
2020-05-14,0.614332083739777,1.1967287743979371,-0.5823966906581601,False
2020-05-15,-0.5911888499101736,0.45971854104396304,-1.0509073909541367,False
2020-05-18,2.356100781314785,3.0459620168959756,-0.6898612355811906,False
2020-05-19,-0.577838948856324,-1.0271296731712232,0.44929072431489914,False
2020-05-20,1.9447992639312517,1.6988312611531997,0.24596800277805198,False
2020-05-21,-0.745531286513279,-0.6903968516351444,-0.05513443487813463,False
2020-05-22,0.6438466051647662,0.1899164738029313,0.4539301313618349,False
2020-05-26,-0.6773553013574074,1.2320106254724905,-1.909365926829898,False
2020-05-27,0.4356977764851777,1.4879225983572164,-1.0522248218720387,False
2020-05-28,0.043989982389169846,-0.1845042600141178,0.22849424240328764,False
2020-05-29,-0.09742146006446184,0.44560668655906355,-0.5430281466235254,False
2020-06-01,1.22984536095736,0.4041593303155233,0.8256860306418368,False
2020-06-02,0.46292015248077245,0.8280147594150966,-0.36509460693432416,False
2020-06-03,0.5505256463745667,1.3308419764053392,-0.7803163300307725,False
2020-06-04,-0.8611976548190015,-0.26266627426337896,-0.5985313805556225,False
2020-06-05,2.8480612656737847,2.5629211633646953,0.28514010230908937,False
2020-06-08,0.5912496008116053,1.2087711227803055,-0.6175215219687002,False
2020-06-09,3.157791949566513,-0.7456727532065166,3.9034647027730296,False
2020-06-10,2.5727617381694046,-0.5580170192765466,3.130778757445951,False
2020-06-11,-4.801033230007357,-5.76486051364059,0.9638272836332336,False
2020-06-12,0.8633152955774381,1.197528617950372,-0.3342133223729338,False
2020-06-15,1.236739879946569,0.9335846806830528,0.3031551992635162,False
2020-06-16,2.650211553165671,1.924763169108723,0.7254483840569481,False
2020-06-17,-0.1391634608614134,-0.4153869085999684,0.276223447738555,False
2020-06-18,0.03981895529019397,0.03849844179044659,0.0013205134997473778,False
2020-06-19,-0.5714652695090638,-0.5714988395445153,3.357003545145787e-05,False
2020-06-22,2.616393349419255,0.6415345907274661,1.9748587586917887,False
2020-06-23,2.134508122392398,0.46034050701446727,1.6741676153779306,False
2020-06-24,-1.765242543496326,-2.5508362487523306,0.7855937052560047,False
2020-06-25,1.3275452065250937,1.0720592623875813,0.25548594413751236,True
2020-06-26,-3.0725695999299085,-2.3751609012486186,-0.69740869868129,True
2020-06-29,2.3046726436055653,1.46974797587629,0.8349246677292754,True
2020-06-30,0.8347333966405523,1.2809475068441323,-0.44621411020357993,True
2020-07-01,-0.18911695688057506,0.7005050627605813,-0.8896220196411564,True
2020-07-02,0.0,0.5506884189087513,-0.5506884189087513,True
2020-07-06,2.6750240051856222,1.5436939174426678,1.1313300877429544,True
2020-07-07,-0.3102800472871814,-1.0313563564474215,0.7210763091602401,True
2020-07-08,2.3289872377496135,0.7648617422686632,1.5641254954809503,True
2020-07-09,0.4300470138868695,-0.5692815844679178,0.9993285983547873,True
2020-07-10,0.1749341686671846,1.0210741835039672,-0.8461400148367826,True
2020-07-13,-0.46131425693104466,-0.8659332337764392,0.4046189768453945,True
2020-07-14,1.654819363604143,1.2959020493836348,0.3589173142205082,True
2020-07-15,0.6877513884482545,0.9187458404551929,-0.23099445200693847,True
2020-07-16,-1.2305106967075097,-0.3293552204307937,-0.901155476276716,True
2020-07-17,-0.2020421289006813,0.289926763564452,-0.4919688924651333,True
2020-07-20,2.1074190615835375,0.8081161616777299,1.2993028999058076,True
2020-07-21,-1.380168505030821,0.21278898814953706,-1.592957493180358,True
2020-07-22,0.2809232699027442,0.5692108483841052,-0.288287578481361,True
2020-07-23,-4.551636779181267,-1.1931829985617037,-3.3584537806195636,True
2020-07-24,-0.24772493831867193,-0.644025133096382,0.39630019477771006,True
2020-07-27,2.370029269538776,0.7292105398325477,1.6408187297062282,True
2020-07-28,-1.642769291570212,-0.6342266598745483,-1.0085426316956636,True
2020-07-29,1.9168493733571657,1.2298815513764438,0.6869678219807218,True
2020-07-30,1.2100096783229874,-0.3568036789955098,1.5668133573184972,True
2020-07-31,10.468867373528813,0.7902270415911294,9.678640331937682,True
2020-08-03,2.519752960954924,0.6952129492838299,1.8245400116710941,False
2020-08-04,0.6678084639611059,0.3862664085274581,0.28154205543364785,False
2020-08-05,0.3624784428567063,0.6210931379045492,-0.25861469504784296,False
2020-08-06,3.4889305663292403,0.6684644176615739,2.8204661486676663,False
2020-08-07,-2.273561854187278,0.07177696294711211,-2.3453388171343903,False
2020-08-10,1.45346926979959,0.29889229453556876,1.1545769752640211,False
2020-08-11,-2.974002317111346,-0.8254497700278751,-2.148552547083471,False
2020-08-12,3.323440556051316,1.3942293644634507,1.9292111915878651,False
2020-08-13,1.7697466170296883,-0.18079730949220885,1.9505439265218971,False
2020-08-14,-0.08912480141299861,0.0029750341786316525,-0.09209983559163026,False
2020-08-17,-0.26106060611236215,0.31767331064675997,-0.5787339167591221,False
2020-08-18,0.8332730505082431,0.2160248386130048,0.6172482118952383,False
2020-08-19,0.12547304608798715,-0.4163713617879261,0.5418444078759133,False
2020-08-20,2.218956280599116,0.31137267306231564,1.9075836075368002,False
2020-08-21,5.1532380298326075,0.35474292903943105,4.798495100793176,False
2020-08-24,1.1960297018009047,1.0132864461625868,0.18274325563831795,False
2020-08-25,-0.8203834669220367,0.34994302671833566,-1.1703264936403723,False
2020-08-26,1.3599230455815459,1.0025454218375973,0.35737762374394855,False
2020-08-27,-1.1954453786727104,0.2186607446680533,-1.4141061233407637,False
2020-08-28,-0.1619936332997729,0.6459394710673916,-0.8079331043671645,False
2020-08-31,3.3912384017818598,-0.3622207959718349,3.7534591977536946,False
2020-09-01,3.98324766957443,0.9418345494347502,3.04141312013968,False
2020-09-02,-2.071833274100876,1.446397347090489,-3.518230621191365,False
2020-09-03,-8.006101539366039,-3.441422210492151,-4.564679328873888,False
2020-09-04,0.06618259199087095,-0.8164873331465317,0.8826699251374026,False
2020-09-08,-6.729478857256199,-2.7322770335233892,-3.9972018237328095,False
2020-09-09,3.9886423118767222,1.9747338689062532,2.013908442970469,False
2020-09-10,-3.2645752261891925,-1.7363510435267404,-1.528224182662452,False
2020-09-11,-1.3128967516621293,0.050892554710491034,-1.3637893063726203,False
2020-09-14,3.0000287402046633,1.3171161253946684,1.6829126148099949,False
2020-09-15,0.15600557136503657,0.5052484855839312,-0.34924291421889464,False
2020-09-16,-2.951348437199852,-0.3968818076732328,-2.5544666295266194,False
2020-09-17,-1.596368649565305,-0.8795046863720679,-0.7168639631932372,False
2020-09-18,-3.1720061031889735,-1.151257447485543,-2.0207486557034304,False
2020-09-21,3.032577680005466,-1.1129531357424338,4.1455308157479,False
2020-09-22,1.5715656396035893,1.0183997161148817,0.5531659234887076,False
2020-09-23,-4.194626855023786,-2.3190774105948275,-1.8755494444289589,False
2020-09-24,1.026901639164035,0.26654938520853655,0.7603522539554985,True
2020-09-25,3.7516118019230937,1.6166923738788697,2.134919428044224,True
2020-09-28,2.3868931937683913,1.660933369408002,0.7259598243603893,True
2020-09-29,-0.7567839189802639,-0.5445990294595693,-0.2121848895206946,True
2020-09-30,1.5075827114330753,0.7581915656855953,0.74939114574748,True
2020-10-01,0.8461991102988176,0.6419882931546494,0.2042108171441681,True
2020-10-02,-3.2280120192180073,-0.949436325149744,-2.2785756940682633,True
2020-10-05,3.079103970928987,1.7733220143891781,1.3057819565398088,True
2020-10-06,-2.8669498950933403,-1.42161404931469,-1.4453358457786503,True
2020-10-07,1.6967100663115353,1.7406821395057115,-0.043972073194176176,True
2020-10-08,-0.0955789646321703,0.886243413006893,-0.9818223776390633,True
2020-10-09,1.7395693138233081,0.8930317755009964,0.8465375383223117,True
2020-10-12,6.3520679895051835,1.6087699249247578,4.743298064580426,True
2020-10-13,-2.652729699624179,-0.6526291529114658,-2.000100546712713,True
2020-10-14,0.07431528702990242,-0.6283258525045632,0.7026411395344656,True
2020-10-15,-0.39606682540953564,-0.12362508261488658,-0.27244174279464906,True
2020-10-16,-1.4000517458500839,-0.060419889415064265,-1.3396318564350196,True
2020-10-19,-2.554207861457536,-1.5203441752156488,-1.033863686241887,True
2020-10-20,1.31922656369996,0.40057413578202805,0.918652427917932,True
2020-10-21,-0.5446380157188013,-0.18928601205341344,-0.3553520036653879,True
2020-10-22,-0.9583410279042082,0.5485210766301929,-1.506862104534401,True
2020-10-23,-0.6134008095024068,0.3395406678525559,-0.9529414773549627,True
2020-10-26,0.008708148848191044,-1.8479989988490209,1.856707147697212,True
2020-10-27,1.347236679568975,-0.3447532317350621,1.691989911304037,True
2020-10-28,-4.631237819110279,-3.4178828922971416,-1.2133549268131372,True
2020-10-29,3.705050117094033,1.0163511504180045,2.6886989666760286,True
2020-10-30,-5.601790557811237,-1.0424912413502962,-4.55929931646094,True
2020-11-02,-0.08269998763863473,1.1208483852425344,-1.2035483728811691,False
2020-11-03,1.5353700273164073,1.7655866557916955,-0.23021662847528823,False
2020-11-04,4.083648076388546,2.2349394835791347,1.8487085928094116,False
2020-11-05,3.5493616149954166,1.9502655478221165,1.5990960671733,False
2020-11-06,-0.11359950958887977,-0.02284461695238882,-0.09075489263649095,False
2020-11-09,-1.996799510615932,1.2565535057481814,-3.2533530163641133,False
2020-11-10,-0.3008919559560508,-0.14660210815535812,-0.15428984780069266,False
2020-11-11,3.03528790489187,0.7427945019908622,2.292493402901008,False
2020-11-12,-0.23433670617186708,-0.9700590027252542,0.7357222965533872,False
2020-11-13,0.04193873040108098,1.3844438229020595,-1.3425050925009785,False
2020-11-16,0.8720571652273579,1.2482575608382174,-0.3762003956108595,False
2020-11-17,-0.7564614579069429,-0.5378296814721462,-0.2186317764347967,False
2020-11-18,-1.139113527258695,-1.2034910435557378,0.0643775162970428,False
2020-11-19,0.5168022656456106,0.42102201786284876,0.09578024778276184,False
2020-11-20,-1.0957384528570424,-0.6847611126971187,-0.4109773401599237,False
2020-11-23,-2.9742608815065963,0.5994221804501487,-3.573683061956745,False
2020-11-24,1.1594072002339972,1.6113791523040266,-0.4519719520700294,False
2020-11-25,0.746726275925047,-0.154170573432999,0.900896849358046,False
2020-11-27,0.482642519297638,0.27848957293648,0.204152946361158,False
2020-11-30,2.10995004568435,-0.4427190328016861,2.552669078486036,False
2020-12-01,3.082732516174591,1.0937419804496695,1.9889905357249216,False
2020-12-02,0.29335557353555863,0.21035394196793344,0.08300163156762519,False
2020-12-03,-0.11373488329295967,-0.027265068381077118,-0.08646981491188255,False
2020-12-04,-0.5612511478239046,0.8618057621089026,-1.4230569099328072,False
2020-12-07,1.226990482534318,-0.2054946950340253,1.4324851775683434,False
2020-12-08,0.5090771094026447,0.29261166877871947,0.21646544062392525,False
2020-12-09,-2.090361560419851,-0.8968973788082479,-1.1934641816116032,False
2020-12-10,1.1988779906546343,-0.03271093361389976,1.231588924268534,False
2020-12-11,-0.6734785934719989,-0.11724283456575613,-0.5562357589062428,False
2020-12-14,-0.5146627304995377,-0.44772361599560995,-0.06693911450392775,False
2020-12-15,5.009030971744144,1.351930609814711,3.657100361929433,False
2020-12-16,-0.05474210535735269,0.15694998946886862,-0.2116920948262213,False
2020-12-17,0.6963573249635591,0.5591783485888069,0.13717897637475218,False
2020-12-18,-1.5850914081152134,-0.39926606592123326,-1.1858253421939802,False
2020-12-21,1.239545333180292,-0.35754593631988074,1.5970912695001727,False
2020-12-22,2.84645972053581,-0.16856320640332711,3.015022926939137,False
2020-12-23,-0.6976278430701366,0.08987650171028427,-0.7875043447804209,True
2020-12-24,0.7712562878187113,0.38903210519911635,0.3822241826195949,True
2020-12-28,3.5765469852059306,0.8590746829014728,2.717472302304458,True
2020-12-29,-1.3314911944522945,-0.19075909399796087,-1.1407321004543336,True
2020-12-30,-0.8526429222606491,0.14267387977549006,-0.9953168020361391,True
2020-12-31,-0.7703006450138217,0.5080552449548081,-1.2783558899686298,True
2021-01-04,-2.4719105901965577,-1.3613848399866568,-1.1105257502099009,True
2021-01-05,1.2364063255902336,0.6887397164194509,0.5476666091707827,True
2021-01-06,-3.3661651952909932,0.5978624614356942,-3.9640276567266874,True
2021-01-07,3.412316277798211,1.485733889773555,1.9265823880246558,True
2021-01-08,0.8631263997068928,0.5697670086705964,0.2933593910362964,True
2021-01-11,-2.3248857321422567,-0.6740588566080841,-1.6508268755341726,True
2021-01-12,-0.13954666929171244,0.0211077393403869,-0.16065440863209934,True
2021-01-13,1.622652450925366,0.26930208286402024,1.3533503680613457,True
2021-01-14,-1.512709753445396,-0.3501828127992601,-1.1625269406461358,True
2021-01-15,-1.373054321914935,-0.7292858207832209,-0.643768501131714,True
2021-01-19,0.54271675228037,0.7852005169871168,-0.24248376470674682,True
2021-01-20,3.285614522998892,1.383881686076327,1.901732836922565,True
2021-01-21,3.6658514789667196,0.0911476341300066,3.574703844836713,True
2021-01-22,1.6073462192834898,-0.35393792205027363,1.9612841413337634,True
2021-01-25,2.7683869517750814,0.39440410833984085,2.3739828434352406,True
2021-01-26,0.16790328402327415,-0.15612637178283872,0.32402965580611287,True
2021-01-27,-0.768362579105486,-2.44404624212462,1.675683663019134,True
2021-01-28,-3.4985114560123987,0.8600211534433244,-4.3585326094557235,True
2021-01-29,-3.7420632057588166,-2.001930048845113,-1.7401331569137035,True
2021-02-01,1.652019832885565,1.664549425076145,-0.012529592190579919,False
2021-02-02,0.6336926194073333,1.4140025406269574,-0.7803099212196241,False
2021-02-03,-0.7778702085777689,0.07862283906077128,-0.8564930476385402,False
2021-02-04,2.575806107508627,1.1365756327971877,1.4392304747114393,False
2021-02-05,-0.30983605397766345,0.39360566868011926,-0.7034417226577827,False
2021-02-08,0.10968434735467714,0.7221822068591788,-0.6124978595045016,False
2021-02-09,-0.6573621716661648,-0.06658027054042837,-0.5907819011257365,False
2021-02-10,-0.4558404296122309,-0.04358706736610207,-0.41225336224612885,False
2021-02-11,-0.19201710559125784,0.16152601647492215,-0.35354312206618,False
2021-02-12,0.17759557619878574,0.4939797576741345,-0.31638418147534875,False
2021-02-16,-1.610418506476008,-0.08661852454090457,-1.5237999819351034,False
2021-02-17,-1.7644081601380313,0.02296718342829074,-1.787375343566322,False
2021-02-18,-0.8636396424071435,-0.4256118274164167,-0.43802781499072685,False
2021-02-19,0.12333833673217054,-0.17660689515757166,0.2999452318897422,False
2021-02-22,-2.9798780079222986,-0.7691595220403191,-2.2107184858819795,False
2021-02-23,-0.11111345746075418,0.12145086907735525,-0.23256432653810943,False
2021-02-24,-0.4052100477716203,1.10193193063981,-1.5071419784114304,False
2021-02-25,-3.4782674384260193,-2.4095672715890415,-1.0687001668369778,False
2021-02-26,0.22314333862898383,-0.5152730665075045,0.7384164051364883,False
2021-03-01,5.385136397532997,2.4240041050289207,2.961132292504076,False
2021-03-02,-2.0893799462196716,-0.780319373146432,-1.3090605730732396,False
2021-03-03,-2.445627580378462,-1.3245690124720655,-1.1210585679063967,False
2021-03-04,-1.5812009787657288,-1.2374717502877552,-0.3437292284779736,False
2021-03-05,1.0738296918186396,1.8396609502855155,-0.7658312584668758,False
2021-03-08,-4.167340459108693,-0.4978893921139038,-3.669451066994789,False
2021-03-09,4.0649530551527535,1.427770158706121,2.6371828964466326,False
2021-03-10,-0.9166534072174382,0.6224363679688816,-1.5390897751863197,False
2021-03-11,1.6502530818112815,1.0139276270921371,0.6363254547191444,False
2021-03-12,-0.7625247097853505,0.13466412391558436,-0.8971888337009348,False
2021-03-15,2.4456635245058367,0.596379527850921,1.8492839966549157,False
2021-03-16,1.274295444266138,-0.12613139090661418,1.4004268351727522,False
2021-03-17,-0.6450633443416787,0.34097823834984275,-0.9860415826915214,False
2021-03-18,-3.390496898609896,-1.454970394479671,-1.935526504130225,False
2021-03-19,-0.44801588605299925,-0.1850325479241577,-0.26298333812884156,False
2021-03-22,2.83355477749363,0.7985028729989629,2.035051904494667,False
2021-03-23,-0.6888628657161999,-0.787081004925827,0.09821813920962708,False
2021-03-24,-1.9993639249661355,-0.5083364517693978,-1.4910274731967377,True
2021-03-25,0.4163772488004369,0.5625383387380722,-0.14616108993763532,True
2021-03-26,0.5141162958550938,1.6115065467348977,-1.097390250879804,True
2021-03-29,0.1485094562598821,-0.05051856621084427,0.19902802247072637,True
2021-03-30,-1.2274444289291475,-0.26529271900666007,-0.9621517099224874,True
2021-03-31,1.8765653981527075,0.4053458230896867,1.4712195750630208,True
2021-04-01,0.6958621906483664,1.0799156668140242,-0.38405347616565777,True
2021-04-05,2.357731848371758,1.4352871013439295,0.9224447470278285,True
2021-04-06,0.24623503866045837,-0.05905932804196601,0.3052943667024244,True
2021-04-07,1.3390362235424558,0.1157412422192694,1.2232949813231864,True
2021-04-08,1.9233579107664323,0.4746516769970732,1.448706233769359,True
2021-04-09,2.025172485355342,0.7270358391410436,1.2981366462142985,True
2021-04-12,-1.3233371422653795,0.03647466574723257,-1.359811808012612,True
2021-04-13,2.4306812121975385,0.2963614073454135,2.134319804852125,True
2021-04-14,-1.7853205065960442,-0.3415315264332919,-1.4437889801627524,True
2021-04-15,1.8708107573693011,1.0742540716251137,0.7965566857441875,True
2021-04-16,-0.25282169774785146,0.3342485769479264,-0.5870702746957779,True
2021-04-19,0.5068783466302129,-0.4912918500062813,0.9981701966364942,True
2021-04-20,-1.2829986314774167,-0.7321709613779648,-0.5508276700994519,True
2021-04-21,0.2930062067601602,0.9462074382953878,-0.6532012315352276,True
2021-04-22,-1.1685538583251498,-0.9133103851855395,-0.25524347313961027,True
2021-04-23,1.8038528585045066,1.0842499296547237,0.7196029288497829,True
2021-04-26,0.2977892908883728,0.20876439844121908,0.08902489244715373,True
2021-04-27,-0.24496184299601653,-0.021559397544756997,-0.22340244545125953,True
2021-04-28,-0.6026871866111616,-0.028736453010125285,-0.5739507336010363,True
2021-04-29,-0.07488316129500294,0.6372785673422587,-0.7121617286372617,True
2021-04-30,-1.5133137700894417,-0.6570349430604083,-0.8562788270290334,True
2021-05-03,0.8215207700657423,0.21564478892914796,0.6058759811365944,False
2021-05-04,-3.5385702712979694,-0.6169148941226665,-2.921655377175303,False
2021-05-05,0.19556156235012168,0.03125125689089625,0.16431030545922543,False
2021-05-06,1.2802306114654272,0.7985705096446916,0.4816601018207356,False
2021-05-07,0.5327602238191398,0.7278143408996129,-0.19505411708047315,False
2021-05-10,-2.580457576695927,-0.9902378085311692,-1.5902197681647579,False
2021-05-11,-0.7410262374862198,-0.8924842919209364,0.1514580544347166,False
2021-05-12,-2.4938497767007295,-2.1245313759325812,-0.36931840076814826,False
2021-05-13,1.791974287296627,1.2012676752222395,0.5907066120743876,False
2021-05-14,1.9844502758410654,1.5355325403582087,0.44891773548285663,False
2021-05-17,-0.9258285293672674,-0.25446359463795476,-0.6713649347293127,False
2021-05-18,-1.124573768227921,-0.8615457052659092,-0.26302806296201187,False
2021-05-19,-0.12815997789348277,-0.2621946082644433,0.13403463037096053,False
2021-05-20,2.101197550651679,1.0758046347539185,1.0253929158977604,False
2021-05-21,-1.47669766567039,-0.08187219760938946,-1.3948254680610006,False
2021-05-24,1.3314068778496946,1.0194192331460128,0.3119876447036818,False
2021-05-25,-0.15734407044647458,-0.22185806028314214,0.06451398983666756,False
2021-05-26,-0.03940108625101191,0.19843256272977783,-0.23783364898078974,False
2021-05-27,-1.2377002448818897,0.05251715321883399,-1.2902173981007237,False
2021-05-28,-0.5347769659021395,0.17886405818650086,-0.7136410240886404,False
2021-06-01,-0.26484493377090246,-0.0880815377171551,-0.17676339605374736,False
2021-06-02,0.6276274379087843,0.15727183257985278,0.4703556053289315,False
2021-06-03,-1.2154223155412813,-0.3711306798932945,-0.8442916356479868,False
2021-06-04,1.9022235072306382,0.9145571164197008,0.9876663908109373,False
2021-06-07,0.007949645049287746,-0.0970090732514528,0.10495871830074055,False
2021-06-08,0.6671896509185649,0.021317799691256134,0.6458718512273087,False
2021-06-09,0.3077164523572318,-0.14920822642302545,0.4569246787802572,False
2021-06-10,-0.8023341254806304,0.46483950405475927,-1.2671736295353897,False
2021-06-11,0.9832744045596087,0.16525532073978777,0.8180190838198209,False
2021-06-14,2.4577924270865914,0.22389354358878233,2.233898883497809,False
2021-06-15,-0.643764579200834,-0.18341030216341148,-0.4603542770374225,False
2021-06-16,0.39337278109361495,-0.5583428043497207,0.9517155854433357,False
2021-06-17,1.2601021477315344,-0.033156160808378576,1.293258308539913,False
2021-06-18,-1.0091985786105817,-1.349034565429541,0.3398359868189593,False
2021-06-21,1.4103995566171035,1.431600479785966,-0.021200923168862573,False
2021-06-22,1.269829009650536,0.5346067850678926,0.7352222245826434,True
2021-06-23,-0.20896304276686317,-0.12053408066203808,-0.08842896210482509,True
2021-06-24,-0.21688004072548672,0.5915772259522667,-0.8084572666777534,True
2021-06-25,-0.22490567734871902,0.35521826340811913,-0.5801239407568382,True
2021-06-28,1.2546127540382201,0.201571659006472,1.0530410950317481,True
2021-06-29,1.1500333181697409,0.05381703984399522,1.0962162783257456,True
2021-06-30,0.4621022621452475,0.08417156844802154,0.377930693697226,True
2021-07-01,0.22633194621972663,0.5536584066711203,-0.3273264604513937,True
2021-07-02,1.9596409131043435,0.7643599515408273,1.1952809615635163,True
2021-07-06,1.4718709345959535,-0.18217435164554763,1.6540452862415012,True
2021-07-07,1.7955207697855302,0.3534377184087667,1.4420830513767635,True
2021-07-08,-0.9200014914912069,-0.8148036010982018,-0.10519789039300509,True
2021-07-09,1.3054900635537159,1.067482053679658,0.2380080098740578,True
2021-07-12,-0.4203276371882114,0.35817437859975154,-0.778502015787963,True
2021-07-13,0.7889160959579922,-0.34087483231020066,1.1297909282681928,True
2021-07-14,2.410051149215886,0.1491954488714642,2.260855700344422,True
2021-07-15,-0.4492224902688191,-0.34153865946914275,-0.10768383079967636,True
2021-07-16,-1.4075860150822073,-0.7843618903368044,-0.6232241247454029,True
2021-07-19,-2.691439523089212,-1.4767914220739975,-1.2146481010152144,True
2021-07-20,2.5974014577915705,1.4330316305303237,1.1643698272612468,True
2021-07-21,-0.5131818708596136,0.8096194402096968,-1.3228013110693104,True
2021-07-22,0.9628715087028672,0.2094438533961851,0.7534276553066821,True
2021-07-23,1.198909571308926,1.028793048305765,0.17011652300316094,True
2021-07-26,0.28942418491511024,0.24548923134894984,0.043934953566160395,True
2021-07-27,-1.4900430628643102,-0.45576633973438696,-1.0342767231299232,True
2021-07-28,-1.2195632175807325,-0.0410089458392604,-1.178554271741472,True
2021-07-29,0.45523500860678023,0.4147429283651416,0.04049208024163864,True
2021-07-30,0.15105733698788093,-0.48563225507435304,0.636689592062234,False
2021-08-02,-0.23310013321844458,-0.20981885273646528,-0.023281280481979305,False
2021-08-03,1.2644412003327776,0.813547728088837,0.4508934722439406,False
2021-08-04,-0.27826184691092104,-0.4918994732172721,0.21363762630635108,False
2021-08-05,0.0748553770722582,0.6332812405896115,-0.5584258635173533,False
2021-08-06,-0.47668671021039444,0.16525711277584065,-0.6419438229862351,False
2021-08-09,-0.034194596613190686,-0.08135817953219826,0.047163582919007574,False
2021-08-10,-0.3354203123655086,0.12439924326119733,-0.45981955562670596,False
2021-08-11,0.17857207914906414,0.24848203063385643,-0.06990995148479229,False
2021-08-12,2.077338282438035,0.29970525689606564,1.7776330255419692,False
2021-08-13,0.14102125881330085,0.18198569303493617,-0.040964434221635315,False
2021-08-16,1.3547982044010975,0.23546697234835268,1.1193312320527449,False
2021-08-17,-0.615402944444321,-0.6555322395394358,0.04012929509511487,False
2021-08-18,-2.550110034056796,-1.0944941385063633,-1.4556158955504328,False
2021-08-19,0.23232940098456556,0.15482409623512883,0.07750530474943673,False
2021-08-20,1.0156471341947526,0.7957183233043397,0.21992881089041294,False
2021-08-23,1.0257126168568664,0.8796458208765179,0.14606679598034855,False
2021-08-24,-0.06010964382534567,0.15875159851770348,-0.21886124234304916,False
2021-08-25,-0.8421037264742637,0.20981797915102796,-1.0519217056252916,False
2021-08-26,-0.5527131835118437,-0.5903177470829579,0.03760456357111419,False
2021-08-27,0.7184420210278208,0.8941045635374012,-0.17566254250958035,False
2021-08-30,3.0417062919031013,0.43975067353752006,2.601955618365581,False
2021-08-31,-0.8424792798638281,-0.14813709310149692,-0.6943421867623312,False
2021-09-01,0.4478465284829536,0.05312536615396102,0.39472116232899257,False
2021-09-02,0.7475091468108541,0.30768458792802544,0.4398245588828287,False
2021-09-03,0.4230460861611496,-0.024281257227309894,0.4473273433884595,False
2021-09-07,1.5489587006024985,-0.35756885010431727,1.9065275507068158,False
2021-09-08,-1.0083548147197474,-0.12181399250827951,-0.8865408222114679,False
2021-09-09,-0.6705344641678823,-0.42802865587131533,-0.24250580829656698,False
2021-09-10,-3.3101622884510573,-0.7884601945986836,-2.5217020938523738,False
2021-09-13,0.3893335081625038,0.25592559367497714,0.13340791448752665,False
2021-09-14,-0.9562002949441317,-0.5396435337323924,-0.41655676121173935,False
2021-09-15,0.6143532148634279,0.8352642289278789,-0.22091101406445102,False
2021-09-16,-0.16103074753462954,-0.15852458715621687,-0.0025061603784126696,False
2021-09-17,-1.8348128429663935,-0.9741135819893887,-0.8606992609770048,False
2021-09-20,-2.1360846704625014,-1.667399532848235,-0.46868513761426644,False
2021-09-21,0.342779329680587,-0.09447756761959969,0.4372568973001867,False
2021-09-22,1.6872657799026136,0.975489131412699,0.7117766484899146,False
2021-09-23,0.6718803267856455,1.2150015398157965,-0.543121213030151,True
2021-09-24,0.061320547717547136,0.16472021451907626,-0.10339966680152912,True
2021-09-27,-1.0549888010710884,-0.28607970089300494,-0.7689091001780834,True
2021-09-28,-2.3801454104608655,-2.0151932538857387,-0.3649521565751268,True
2021-09-29,0.6482845860162012,0.16830550610638095,0.47997907990982025,True
2021-09-30,-0.9311708872858038,-1.222235395895932,0.2910645086101282,True
2021-10-01,0.8127176026297089,1.188426381064911,-0.375708778435202,True
2021-10-04,-2.460560929933142,-1.2896147207988262,-1.170946209134316,True
2021-10-05,1.4158407903744008,1.040487514580346,0.37535327579405475,True
2021-10-06,0.6307317514346211,0.41562887152499783,0.2151028799096233,True
2021-10-07,0.9084315859779313,0.8645626464359735,0.04386893954195781,True
2021-10-08,-0.27217089854286725,-0.18237434271246578,-0.08979655583040147,True
2021-10-11,-0.06298512136181378,-0.7239833056610134,0.6609981842991997,True
2021-10-12,-0.9102929282964634,-0.2461562570127529,-0.6641366712837105,True
2021-10-13,-0.4240032731315124,0.3597672611568292,-0.7837705342883416,True
2021-10-14,2.0225526489591417,1.682065914046027,0.34048673491311465,True
2021-10-15,0.7512784028784525,0.761571364583058,-0.010292961704605474,True
2021-10-18,1.1806128471195443,0.2960407866799297,0.8845720604396146,True
2021-10-19,1.50800728650351,0.7715101392425039,0.736497147261006,True
2021-10-20,0.33611231487498117,0.3927700425157221,-0.05665772764074095,True
2021-10-21,0.14740320745700863,0.2608318049921676,-0.11342859753515899,True
2021-10-22,-0.5285011321296662,-0.103624472563002,-0.4248766595666642,True
2021-10-25,-0.03365013637381953,0.5362795364228568,-0.5699296727966763,True
2021-10-26,0.4575209019634707,0.089995253981634,0.36752564798183673,True
2021-10-27,-0.31476979363489477,-0.4430107633771829,0.12824096974228816,True
2021-10-28,2.4991620092408517,0.9648660218155358,1.534295987425316,True
2021-10-29,-1.8155732906300792,0.20293441124226153,-2.0185077018723407,True
2021-11-01,-0.56075216048046,0.17201237417541204,-0.732764534655872,False
2021-11-02,0.711614397856164,0.404309083280352,0.307305314575812,False
2021-11-03,0.9798485180959826,0.6105330977853818,0.36931542031060083,False
2021-11-04,-0.34984951939203146,0.4712490891028098,-0.8210986084948413,False
2021-11-05,0.35821920377796523,0.3469651092668391,0.011254094511126134,False
2021-11-08,-0.5552397488100658,0.08536684213373835,-0.6406065909438041,False
2021-11-09,0.2459441734686152,-0.3305368021228938,0.576480975591509,False
2021-11-10,-1.9163645187452283,-0.8044948303355337,-1.1118696884096946,False
2021-11-11,-0.033733895698329075,0.032353347436675506,-0.06608724313500458,False
2021-11-12,1.4336633972130253,0.7547068389526235,0.6789565582604018,False
2021-11-15,0.006688979190117017,0.034220796821449184,-0.027531817631332167,False
2021-11-16,0.666651364746107,0.39579758053975844,0.27085378420634854,False
2021-11-17,1.6489987370789327,-0.2429280459849581,1.8919267830638908,False
2021-11-18,2.8536179870164213,0.3396286830596784,2.513989303956743,False
2021-11-19,1.6975818345145388,-0.17881655202759417,1.876398386542133,False
2021-11-22,0.2927723784029723,-0.2815136320513001,0.5742860104542724,False
2021-11-23,0.24217793145737687,0.13261312882439924,0.10956480263297763,False
2021-11-24,0.3283813443337502,0.2669633510061775,0.061417993327572695,False
2021-11-26,-3.1678304328405904,-2.2303117008707796,-0.9375187319698108,False
2021-11-29,2.1873415387452244,1.2266674341406159,0.9606741046046086,False
2021-11-30,3.157756579024129,-1.9457816624267932,5.103538241450922,False
2021-12-01,-0.3206158266731207,-1.1106918894248752,0.7900760627517545,False
2021-12-02,-0.6130100329040822,1.5316107072754326,-2.1446207401795148,False
2021-12-03,-1.1724309300601643,-0.8701232874026466,-0.30230764265751775,False
2021-12-06,2.1502977064274065,1.1843452812729804,0.965952425154426,False
2021-12-07,3.5446093802712575,2.0684688677154783,1.4761405125557792,False
2021-12-08,2.2783319656230816,0.26480338447223417,2.0135285811508474,False
2021-12-09,-0.29702909507698383,-0.6751784551903728,0.37814936011338895,False
2021-12-10,2.801324990325682,0.941370105254502,1.85995488507118,False
2021-12-13,-2.06741189488695,-0.8858575720007256,-1.1815543228862246,False
2021-12-14,-0.8023380198511454,-0.6879896002524144,-0.11434841959873099,False
2021-12-15,2.8509274408166974,1.5625100440386452,1.2884173967780521,False
2021-12-16,-3.9263905280406353,-0.881855703494272,-3.0445348245463633,False
2021-12-17,-0.6501782174922699,-1.0642922411827516,0.41411402369048167,False
2021-12-20,-0.8122064736198586,-1.0633378041006947,0.251131330480836,False
2021-12-21,1.9086999456689346,1.7758967570947748,0.13280318857415985,False
2021-12-22,1.5318887963807981,0.9998846927339988,0.5320041036467993,False
2021-12-23,0.3643705233116412,0.6221929369278012,-0.25782241361616,True
2021-12-27,2.2974785154071586,1.4152173519592859,0.8822611634478728,True
2021-12-28,-0.576711502135796,-0.08172054844228782,-0.4949909536935082,True
2021-12-29,0.050188864276234924,0.12791414496224895,-0.07772528068601403,True
2021-12-30,-0.6578252009131202,-0.27644753365138053,-0.3813776672617397,True
2021-12-31,-0.3535322318952483,-0.2520157021467795,-0.10151652974846881,True
2022-01-03,2.5004470034625026,0.5789982560563622,1.9214487474061404,True
2022-01-04,-1.269189427555606,-0.03348406113441449,-1.2357053664211914,True
2022-01-05,-2.6600010663342277,-1.92023597753479,-0.7397650887994378,True
2022-01-06,-1.6693061945572185,-0.09393262860097895,-1.5753735659562396,True
2022-01-07,0.0988443731438915,-0.3953540401876232,0.4941984133315147,True
2022-01-10,0.011609282757163442,-0.12442831915449037,0.13603760191165382,True
2022-01-11,1.6783916160851398,0.9108181249625646,0.7675734911225751,True
2022-01-12,0.25702301942118755,0.2703512567755251,-0.013328237354337524,True
2022-01-13,-1.90281896673683,-1.3778657218606383,-0.5249532448761918,True
2022-01-14,0.5110477143134284,0.040920880949069094,0.47012683336435934,True
2022-01-18,-1.8894042443296621,-1.7709716518046648,-0.11843259252499738,True
2022-01-19,-2.102470142769719,-1.0383403121183798,-1.0641298306513391,True
2022-01-20,-1.0347121435427598,-1.1068179560450808,0.07210581250232106,True
2022-01-21,-1.2765004818269476,-1.963045513486561,0.6865450316596133,True
2022-01-24,-0.48642629859803055,0.42465217510765374,-0.9110784737056843,True
2022-01-25,-1.1384862326159428,-1.2208845592717177,0.08239832665577485,True
2022-01-26,-0.05631719842997818,-0.25087652701639707,0.1945593285864189,True
2022-01-27,-0.29431976224184586,-0.4938063346837107,0.19948657244186485,True
2022-01-28,6.977756995501183,2.48352880217102,4.494228193330163,True
2022-01-31,2.6125654886027583,1.8010996865307272,0.8114658020720311,False
2022-02-01,-0.09724545778588833,0.6757159390039291,-0.7729613967898175,False
2022-02-02,0.70442660202783,0.9713960267210053,-0.2669694246931753,False
2022-02-03,-1.6719919313026632,-2.3504920440000965,0.6785001126974333,False
2022-02-04,-0.1679257569386139,0.4702240441449401,-0.638149801083554,False
2022-02-07,-0.4234583545432602,-0.3209193653514464,-0.10253898919181381,False
2022-02-08,1.8466750332327253,0.8227740997006405,1.0239009335320848,False
2022-02-09,0.8293743751413896,1.4636247311262451,-0.6342503559848556,False
2022-02-10,-2.359896325907007,-1.7965767536839317,-0.5633195722230755,False
2022-02-11,-2.0218371026448634,-1.9718717617026704,-0.04996534094219296,False
2022-02-14,0.14234176749208238,-0.326930379079271,0.4692721465713534,False
2022-02-15,2.3152293182410855,1.612691061180005,0.7025382570610805,False
2022-02-16,-0.13887803333648696,0.1120756626798114,-0.25095369601629836,False
2022-02-17,-2.1269151817334575,-2.136141462510055,0.009226280776597484,False
2022-02-18,-0.9355885731974878,-0.6474909467454992,-0.28809762645198855,False
2022-02-22,-1.7812283191568912,-1.073165070576243,-0.7080632485806482,False
2022-02-23,-2.586418474220187,-1.7738692089804609,-0.8125492652397259,False
2022-02-24,1.6680082104227445,1.5049030806999708,0.1631051297227737,False
2022-02-25,1.2965722459826523,2.206403989051142,-0.9098317430684899,False
2022-02-28,0.16376411888607834,-0.25585088937940537,0.4196150082654837,False
2022-03-01,-1.162802092783699,-1.52303854035859,0.36023644757489093,False
2022-03-02,2.058820108482484,1.839609514413354,0.21921059406913024,False
2022-03-03,-0.1981220580966836,-0.4978343799250662,0.2997123218283826,False
2022-03-04,-1.8408230473628828,-0.8124712101997278,-1.028351837163155,False
2022-03-07,-2.371762438903735,-2.94790986011636,0.576147421212625,False
2022-03-08,-1.1676131679847046,-0.7581801583987913,-0.40943300958591333,False
2022-03-09,3.4997607932828023,2.681119476026894,0.8186413172559082,False
2022-03-10,-2.7186291147359043,-0.45157913051485643,-2.267049984221048,False
2022-03-11,-2.390865501595607,-1.2715070294272213,-1.1193584721683858,False
2022-03-14,-2.656251995411818,-0.7308354048195853,-1.9254165905922327,False
2022-03-15,2.9677188229201734,2.1990464580894376,0.7686723648307359,False
2022-03-16,2.9015761112957117,2.2174315684668766,0.6841445428288351,False
2022-03-17,0.645380620233027,1.2510711961529308,-0.6056905759199038,False
2022-03-18,2.0919003665998526,1.095297510400206,0.9966028561996465,False
2022-03-21,0.8537652346758406,-0.029230677509217706,0.8829959121850584,False
2022-03-22,2.0800763784439846,1.1701262555496639,0.9099501228943208,False
2022-03-23,0.8233618475186555,-1.287849192054813,2.1112110395734685,False
2022-03-24,2.2677684366964046,1.5074382326229374,0.7603302040734672,True
2022-03-25,0.3734192229426281,0.488365758852094,-0.11494653590946591,True
2022-03-28,0.5036657559380986,0.7112977162040401,-0.20763196026594155,True
2022-03-29,1.9134363456414727,1.23708002019014,0.6763563254513327,True
2022-03-30,-0.6649463253330046,-0.6174587616373239,-0.047487563695680635,True
2022-03-31,-1.777567876904107,-1.5391405894761512,-0.23842728742795583,True
2022-04-01,-0.17183485569000068,0.2834116184521118,-0.4552464741421125,True
2022-04-04,2.3693491071548944,0.8566587022789118,1.5126904048759826,True
2022-04-05,-1.8941872388512637,-1.2631356902403357,-0.631051548610928,True
2022-04-06,-1.8451161836598118,-0.9999353941874456,-0.8451807894723662,True
2022-04-07,0.18046448824688976,0.5038938925095549,-0.3234294042626651,True
2022-04-08,-1.1909085370891082,-0.26738598362515686,-0.9235225534639513,True
2022-04-11,-2.5515793417720034,-1.7092428187326036,-0.8423365230393998,True
2022-04-12,1.1523182289241651,-0.3705127718667378,1.522831000790903,True
2022-04-13,1.6342579926939438,1.1453548852194073,0.48890310747453647,True
2022-04-14,-2.998826039765634,-1.2451795534275334,-1.7536464863381007,True
2022-04-18,-0.13310248430045135,0.041118599278799906,-0.17422108357925126,True
2022-04-19,1.4115319900467993,1.6142605931422471,-0.20272860309544782,True
2022-04-20,-0.10155213223228543,-0.07414761141708581,-0.027404520815199618,True
2022-04-21,-0.4843562757255282,-1.4953638181751994,1.0110075424496712,True
2022-04-22,-2.782109347017925,-2.7439019241879636,-0.038207422829961146,True
2022-04-25,0.6736968196978665,0.5797601225318694,0.09393669716599717,True
2022-04-26,-3.7328079476524834,-2.8960819123714843,-0.8367260352809991,True
2022-04-27,-0.14666992004450652,0.2811603547745234,-0.4278302748190299,True
2022-04-28,4.5155148341192275,2.525953781427104,1.9895610526921237,True
2022-04-29,-3.660467889992003,-3.695563184577433,0.035095294585429926,True
2022-05-02,0.19664717795262465,0.6019370212813735,-0.40528984332874884,False
2022-05-03,0.9622661302357116,0.45840463856607894,0.5038614916696327,False
2022-05-04,4.1008384701741285,3.045296594102287,1.0555418760718416,False
2022-05-05,-5.571608402828332,-3.554261075933951,-2.017347326894381,False
2022-05-06,0.4727066941754732,-0.5969101969593771,1.0696168911348503,False
2022-05-09,-3.3189334092496137,-3.20172310677459,-0.11721030247502373,False
2022-05-10,1.6112073398537374,0.23105864358035078,1.3801486962733867,False
2022-05-11,-5.1841206040458605,-1.5886186484367015,-3.595501955609159,False
2022-05-12,-2.6894118512920673,-0.10441017097554406,-2.585001680316523,False
2022-05-13,3.1916295289076135,2.39079495657899,0.8008345723286237,False
2022-05-16,-1.0672169350524063,-0.40576925386398566,-0.6614476811884207,False
2022-05-17,2.542245596902837,2.0570484678529954,0.48519712904984136,False
2022-05-18,-5.641919426254582,-4.031157984548617,-1.6107614417059652,False
2022-05-19,-2.4641288688603935,-0.6124618139854765,-1.851667054874917,False
2022-05-20,0.17472744577138322,0.043661165899289145,0.13106627987209407,False
2022-05-23,4.011913632599917,1.8709976502433445,2.1409159823565727,False
2022-05-24,-1.9215923449397487,-0.7633593971756336,-1.1582329477641151,False
2022-05-25,0.11398696931250729,0.8834888829009735,-0.7695019135884662,False
2022-05-26,2.319953510710837,1.9981303267476491,0.321823183963188,False
2022-05-27,4.075673056641871,2.4549175680534496,1.6207554885884212,False
2022-05-31,-0.5346212223227176,-0.5611269288181453,0.026505706495427717,False
2022-06-01,-0.08733650891538103,-0.8088316046013344,0.7214950956859534,False
2022-06-02,1.6811329173691991,1.9043591915065772,-0.22322627413737806,False
2022-06-03,-3.8555661749309134,-1.641155205837519,-2.2144109690933944,False
2022-06-06,0.5227902121532235,0.30447525747803184,0.21831495467519169,False
2022-06-07,1.758557629155133,0.9592259085813515,0.7993317205737815,False
2022-06-08,-0.5043346515432479,-1.0872206452862687,0.5828859937430209,False
2022-06-09,-3.595551866453095,-2.3782771506287603,-1.2172747158243347,False
2022-06-10,-3.862894302340636,-2.899577507646023,-0.9633167946946131,False
2022-06-13,-3.8284753668060056,-3.7968169425542486,-0.03165842425175702,False
2022-06-14,0.6672875033353787,-0.3013405214790543,0.968628024814433,False
2022-06-15,2.0111435816274614,1.4256352482426626,0.5855083333847988,False
2022-06-16,-3.965157225316285,-3.309600536176205,-0.6555566891400799,False
2022-06-17,1.1533137320707265,0.2155711776554714,0.9377425544152551,False
2022-06-21,3.2760829424082427,2.5173657156071894,0.7587172268010534,False
2022-06-22,-0.3827055817567371,-0.181290849247695,-0.20141473250904207,False
2022-06-23,2.1573489858005557,0.9802507697021401,1.1770982160984156,True
2022-06-24,2.4517064460245486,3.1793862616075197,-0.7276798155829711,True
2022-06-27,0.0,-0.3819691075187981,0.3819691075187981,True
2022-06-28,-2.978940649525552,-2.043273856483374,-0.935666793042178,True
2022-06-29,1.3023913970161338,-0.08144626901884777,1.3838376660349816,True
2022-06-30,-1.8027850724544159,-0.8124238055356003,-0.9903612669188155,True
2022-07-01,1.6164180418916985,1.0576311391815807,0.5587869027101178,True
2022-07-05,1.8930432043314127,0.1888568336177343,1.7041863707136784,True
2022-07-06,0.9607530091027883,0.3377470850826958,0.6230059240200925,True
2022-07-07,2.3999409510212066,1.497724847988957,0.9022161030322495,True
2022-07-08,0.47146912228632765,-0.08227686106119236,0.55374598334752,True
2022-07-11,-1.4758045710372092,-1.1423440398081852,-0.33346053122902397,True
2022-07-12,0.6833819249486339,-0.8849110550747219,1.5682929800233558,True
2022-07-13,-0.2536647175544804,-0.5251605661697134,0.271495848615233,True
2022-07-14,2.0482538318396415,-0.24285833841243276,2.2911121702520743,True
2022-07-15,1.1450056569585199,1.9105143794899915,-0.7655087225314716,True
2022-07-18,-2.064310708909245,-0.8256849990815884,-1.2386257098276565,True
2022-07-19,2.6722060589709162,2.701929528048974,-0.029723469078057896,True
2022-07-20,1.3509727479131817,0.6372979299246628,0.7136748179885188,True
2022-07-21,1.5094020896149418,1.0183187207559063,0.4910833688590355,True
2022-07-22,-0.811054316607307,-0.9278146114961472,0.11676029488884021,True
2022-07-25,-0.7398386869753804,0.1215017387960593,-0.8613404257714397,True
2022-07-26,-0.8826143530599628,-1.1831031433756856,0.30048879031572273,True
2022-07-27,3.4234526722566327,2.5966560058960475,0.8267966663605852,True
2022-07-28,0.35716784183423833,1.254220908877568,-0.8970530670433297,True
2022-07-29,3.279314774703912,1.4578782253192868,1.8214365493846252,True
2022-08-01,-0.6153498457849071,-0.2961134631858986,-0.31923638259900855,False
2022-08-02,-0.9287493867656815,-0.6597538018911164,-0.2689955848745651,False
2022-08-03,3.8247719471995234,1.5659520902067792,2.2588198569927442,False
2022-08-04,-0.1926107462693838,-0.0675484696199602,-0.1250622766494236,False
2022-08-05,-0.13890876088419324,-0.16903171372378845,0.030122952839595207,False
2022-08-08,-0.29030795537626775,-0.11607737923967631,-0.17423057613659143,False
2022-08-09,0.03032924213217658,-0.3971006095735863,0.42742985170576286,False
2022-08-10,2.6194525627682763,2.100378691596916,0.5190738711713605,False
2022-08-11,-0.44312733232451107,0.0,-0.44312733232451107,False
2022-08-12,2.142533742282149,1.692925654818822,0.4496080874633268,False
2022-08-15,0.6333523818641718,0.4120692803052606,0.22128310155891118,False
2022-08-16,-0.09237680815373794,0.19586624403962194,-0.2882430521933599,False
2022-08-17,0.8784718053437057,-0.7097916518544967,1.5882634571982024,False
2022-08-18,-0.22916037813328627,0.29065250786208807,-0.5198128859953743,False
2022-08-19,-1.5102289971878458,-1.343830653807332,-0.16639834338051385,False
2022-08-22,-2.302915705931241,-2.0822414045146176,-0.22067430141662348,False
2022-08-23,-0.202902801641891,-0.24191419712106255,0.03901139547917154,False
2022-08-24,0.17939806600404395,0.3201011102305973,-0.14070304422655333,False
2022-08-25,1.4922542359068647,1.411763503679242,0.08049073222762271,False
2022-08-26,-3.7699228125602224,-3.3849078136540034,-0.38501499890621904,False
2022-08-29,-1.368993903835325,-0.6612065603447626,-0.7077873434905624,False
2022-08-30,-1.5305674624580434,-1.0978130990398793,-0.4327543634181641,False
2022-08-31,-1.0635039668317248,-0.7608950374186851,-0.30260892941303963,False
2022-09-01,0.47068043850440056,0.3137904339865383,0.15689000451786228,False
2022-09-02,-1.361109812436967,-1.0544555795167665,-0.30665423292020044,False
2022-09-06,-0.821508462078846,-0.3773020790844406,-0.4442063829944054,False
2022-09-07,0.925379029407214,1.7964994935692369,-0.8711204641620229,False
2022-09-08,-0.9617690797224521,0.6536286578678441,-1.6153977375902961,False
2022-09-09,1.883969958211007,1.5535180190909603,0.33045193912004667,False
2022-09-12,3.850799961945306,1.0747761818237667,2.7760237801215393,False
2022-09-13,-5.867935054969708,-4.3482461945628215,-1.5196888604068866,False
2022-09-14,0.9554980646487188,0.381576282588858,0.5739217820598608,False
2022-09-15,-1.8929793429229846,-1.1353295450330925,-0.7576497978898922,False
2022-09-16,-1.0960064327337093,-0.762891191469961,-0.33311524126374836,False
2022-09-19,2.508302980013144,0.7754810060135009,1.732821973999643,False
2022-09-20,1.5665428444913365,-1.1478474197955113,2.714390264286848,False
2022-09-21,-2.026767126121398,-1.7443836901781529,-0.28238343594324533,False
2022-09-22,-0.6375229800863691,-0.8399748736010793,0.20245189351471016,True
2022-09-23,-1.512391886575637,-1.6754734425020734,0.16308155592643647,True
2022-09-26,0.22603191262025035,-0.9892705079125541,1.2153024205328045,True
2022-09-27,0.6566341753952321,-0.2552864634355001,0.9119206388307322,True
2022-09-28,-1.265158020029844,1.967632443668621,-3.232790463698465,True
2022-09-29,-4.911912456775247,-2.0889010808255115,-2.8230113759497355,True
2022-09-30,-3.0039225533368907,-1.5463473894464896,-1.457575163890401,True
2022-10-03,3.0752522651209757,2.6401220148450477,0.435130250275928,True
2022-10-04,2.5623239282453802,3.0986776126736393,-0.536353684428259,True
2022-10-05,0.20530134739826789,-0.23282109093117898,0.43812243832944686,True
2022-10-06,-0.6625532972835968,-1.0315836979158943,0.36903040063229753,True
2022-10-07,-3.6718683824171094,-2.7894053444666222,-0.8824630379504872,True
2022-10-10,0.2355498281634727,-0.7635211112462015,0.9990709394096742,True
2022-10-11,-1.0254695147302706,-0.6332905783055232,-0.39217893642474744,True
2022-10-12,-0.4605173851927158,-0.3298697058791822,-0.1306476793135336,True
2022-10-13,3.3612939294347832,2.639131537698347,0.7221623917364361,True
2022-10-14,-3.2240133709010133,-2.278895080856025,-0.9451182900449884,True
2022-10-17,2.912282397270727,2.569692944210855,0.34258945305987165,True
2022-10-18,0.9409581472937134,1.1749718646666185,-0.2340137173729051,True
2022-10-19,0.07651030136899273,-0.7086464091341393,0.7851567105031321,True
2022-10-20,-0.3267077256768114,-0.8385241455747483,0.5118164198979369,True
2022-10-21,2.705920897308811,2.430135640511444,0.2757852567973673,True
2022-10-24,1.4802522591729872,1.2236518208046387,0.25660043836834845,True
2022-10-25,1.9337553700575993,1.5968597009035301,0.3368956691540692,True
2022-10-26,-1.9627081380079625,-0.7534131654662879,-1.2092949725416746,True
2022-10-27,-3.0465390574179296,-0.5339975430252331,-2.5125415143926966,True
2022-10-28,7.555264357643421,2.3790890553795574,5.1761753022638635,True
2022-10-31,-1.5410577656331026,-0.7223451832573113,-0.8187125823757913,False
2022-11-01,-1.7542803489438041,-0.4375895266551355,-1.3166908222886686,False
2022-11-02,-3.7304862795702,-2.509627146512783,-1.220859133057417,False
2022-11-03,-4.240473200505912,-1.0296701757824933,-3.2108030247234187,False
2022-11-04,-0.19473781165506576,1.4393191191454768,-1.6340569308005426,False
2022-11-07,0.3902131733379388,0.9565550763425579,-0.5663419030046191,False
2022-11-08,0.4175069263937514,0.5395424235029811,-0.12203549710922967,False
2022-11-09,-3.3189957495776023,-2.0602261570007774,-1.258769592576825,False
2022-11-10,8.897468233335548,5.495417345651044,3.4020508876845046,False
2022-11-11,1.9268584937159217,0.9678548023863476,0.9590036913295741,False
2022-11-14,-0.9485634196457315,-0.8506716106506884,-0.09789180899504313,False
2022-11-15,1.1869319655502641,0.8529172057584189,0.33401475979184525,False
2022-11-16,-0.8331164592607299,-0.7628840071199017,-0.07023245214082818,False
2022-11-17,1.2971444001974586,-0.30597840625889994,1.6031228064563585,False
2022-11-18,0.3782017975118901,0.4540136629620495,-0.07581186545015939,False
2022-11-21,-2.168028006100997,-0.3636019837930937,-1.8044260223079034,False
2022-11-22,1.4661114449390222,1.3457105783463819,0.12040086659264038,False
2022-11-23,0.5926409672686095,0.6301575537439152,-0.03751658647530576,False
2022-11-25,-1.959381683257999,-0.02236526020458207,-1.937016423053417,False
2022-11-28,-2.6264246476022435,-1.5956846794849433,-1.0307399681173002,False
2022-11-29,-2.114845124614828,-0.17178648112491368,-1.9430586434899144,False
2022-11-30,4.859431119410718,3.1500666419686185,1.709364477442099,False
2022-12-01,0.1891261315916104,-0.07357595902214298,0.2627020906137534,False
2022-12-02,-0.33711083927429053,-0.1153734472594925,-0.22173739201479803,False
2022-12-05,-0.7983099494808132,-1.7989325759650399,1.0006226264842266,False
2022-12-06,-2.536990605412981,-1.4414822259440574,-1.0955083794689235,False
2022-12-07,-1.3785205707263715,-0.17009430499907996,-1.2084262657272915,False
2022-12-08,1.213293055078113,0.7833905498627391,0.42990250521537376,False
2022-12-09,-0.3435047780780631,-0.7470292205126627,0.4035244424345996,False
2022-12-12,1.6389932855632727,1.4417087192074796,0.19728456635579317,False
2022-12-13,0.6782609497304248,0.7570001105605684,-0.07873916083014354,False
2022-12-14,-1.5535835116353702,-0.6393611894436546,-0.9142223221917156,False
2022-12-15,-4.685426282389271,-2.446161255236423,-2.2392650271528476,False
2022-12-16,-1.457882327736948,-1.1806161963126671,-0.2772661314242808,False
2022-12-19,-1.5909749102828274,-0.8479751912669808,-0.7429997190158466,False
2022-12-20,-0.052854697790361005,0.13684037903949342,-0.18969507682985443,False
2022-12-21,2.380948478461886,1.4952449545243773,0.8857035239375088,False
2022-12-22,-2.3772647995568663,-1.4266023188524435,-0.9506624807044228,False
2022-12-23,-0.2798161516048836,0.5752071220948451,-0.8550232736997287,False
2022-12-27,-1.387841815469859,-0.3943311692005014,-0.9935106462693577,False
2022-12-28,-3.0685180709415394,-1.2427810066590217,-1.8257370642825177,False
2022-12-29,2.8324297886485716,1.8000191835721102,1.0324106050764614,True
2022-12-30,0.24690838696199702,-0.2633989182536878,0.5103073052156848,True
2023-01-03,-3.740483149515139,-0.42099224933619395,-3.319490900178945,True
2023-01-04,1.0314287589615612,0.7719990209541061,0.25942973800745506,True
2023-01-05,-1.0604794242941806,-1.1413178539035007,0.08083842960932008,True
2023-01-06,3.679402731151349,2.293197804116054,1.386204927035295,True
2023-01-09,0.40890716052666143,-0.0566834295495533,0.4655905900762147,True
2023-01-10,0.4456281845991894,0.7012792395447054,-0.255651054945516,True
2023-01-11,2.111220245041867,1.2647875138444231,0.846432731197444,True
2023-01-12,-0.05991844639962052,0.36407616976266155,-0.42399461616228207,True
2023-01-13,1.011921561943696,0.3879479259805363,0.6239736359631598,True
2023-01-17,0.8756288233979781,-0.18317834383132503,1.0588071672293031,True
2023-01-18,-0.5369986118705539,-1.5788009741999787,1.0418023623294248,True
2023-01-19,0.04437861857859993,-0.7279845513619154,0.7723631699405153,True
2023-01-20,1.922067744586431,1.8628991203162526,0.05916862427017833,True
2023-01-23,2.3500524594370464,1.1998423060273433,1.1502101534097031,True
2023-01-24,1.006306566875348,-0.10731148438123395,1.1136180512565819,True
2023-01-25,-0.47007054861740727,0.03747482209970343,-0.5075453707171107,True
2023-01-26,1.4803302671636986,1.0990426168752343,0.38128765028846434,True
2023-01-27,1.3684231931517132,0.22976494997770658,1.1386582431740067,True
2023-01-30,-2.007815500938115,-1.2546867141284945,-0.7531287868096204,True
2023-01-31,0.9020872872674168,1.4703425560782524,-0.5682552688108355,True
2023-02-01,0.7900790605056995,1.0627862815866918,-0.2727072210809922,True
2023-02-02,3.7062700741518073,1.4557001546560144,2.250569919495793,True
2023-02-03,2.439992761810794,-1.0629075292006518,3.502900291011446,True
2023-02-06,-1.7929027361869854,-0.6111556462066292,-1.1817470899803562,False
2023-02-07,1.9245015639561158,1.3078652562744653,0.6166363076816506,False
2023-02-08,-1.7653035725821442,-1.09346548032484,-0.6718380922573042,False
2023-02-09,-0.6911522922826818,-0.8669219593196997,0.1757696670370179,False
2023-02-10,0.2456247482153895,0.23337294759508964,0.012251800620299846,False
2023-02-13,1.8806801405883533,1.1738968195750932,0.7067833210132601,False
2023-02-14,-0.42248565796444426,-0.046017933767084074,-0.3764677241973602,False
2023-02-15,1.3903289531264962,0.3247281314564532,1.065600821670043,False
2023-02-16,-1.0429295818175865,-1.3768871096590196,0.33395752784143307,False
2023-02-17,-0.7546852402731896,-0.2497996742690023,-0.5048855660041873,False
2023-02-21,-2.6679724289510154,-2.006099072510681,-0.6618733564403345,False
2023-02-22,0.2895903904694519,-0.13780310836973841,0.4273934988391903,False
2023-02-23,0.3290715529404409,0.5319149359888309,-0.20284338304839,False
2023-02-24,-1.8005256570972517,-1.0682167637260154,-0.7323088933712363,False
2023-02-27,0.8247320308729877,0.3405717989218404,0.4841602319511473,False
2023-02-28,-0.3447612135218381,-0.36958827011026596,0.024827056588427876,False
2023-03-01,-1.4245852959246408,-0.38359379613005506,-1.0409914997945857,False
2023-03-02,0.41289593362161536,0.777725965661058,-0.36483003203944264,False
2023-03-03,3.5090212912542995,1.60377286967055,1.9052484215837495,False
2023-03-06,1.8539195599941438,0.06928497528486677,1.784634584709277,False
2023-03-07,-1.4496514233412805,-1.53288420199309,0.08323277865180945,False
2023-03-08,0.8377417982252222,0.16322036750409108,0.6745214307211311,False
2023-03-09,-1.4914721928304453,-1.8449913449379851,0.3535191521075398,False
2023-03-10,-1.387857909575163,-1.4429389782276036,0.05508106865244056,False
2023-03-13,1.326574809648351,-0.1425259631711251,1.469100772819476,False
2023-03-14,1.4089453532749374,1.6529999328574574,-0.24405457958251997,False
2023-03-15,0.26211772513597964,-0.6254233527152375,0.8875410778512172,False
2023-03-16,1.8694210446563053,1.7545340496048167,0.11488699505148858,False
2023-03-17,-0.5453912892990131,-1.1692903941654453,0.6238991048664322,False
2023-03-20,1.5483630602717513,0.9615542908376851,0.5868087694340662,False
2023-03-21,1.1944103771684755,1.3130573099783494,-0.11864693280987382,False
2023-03-22,-0.9103384982973362,-1.7046459091241362,0.7943074108268,False
2023-03-23,0.6969559876218279,0.2703396138878933,0.4266163737339346,False
2023-03-24,0.8305352033074254,0.6561973469922489,0.1743378563151765,False
2023-03-27,-1.2293067960025716,0.18698651232513797,-1.4162933083277096,False
2023-03-28,-0.3980564908201978,-0.22446277300065542,-0.17359371781954236,False
2023-03-29,1.9790777436108353,1.4534962737219548,0.5255814698888805,False
2023-03-30,0.9890163801960172,0.5855273370858116,0.4034890431102056,True
2023-03-31,1.5644067087859037,1.4094397972513883,0.15496691153451536,True
2023-04-03,0.7701643765751998,0.38106578833114746,0.3890985882440523,True
2023-04-04,-0.32497109258488033,-0.5548102862201088,0.22983919363522842,True
2023-04-05,-1.1290106166065184,-0.2618304683896566,-0.8671801482168617,True
2023-04-06,0.5495892506216737,0.3900949783312013,0.15949427229047242,True
2023-04-10,-1.5972274662600205,0.10264209089358989,-1.6998695571536104,True
2023-04-11,-0.7591327823780913,0.02686187375893212,-0.7859946561370235,True
2023-04-12,-0.43532910709299655,-0.40759800850965755,-0.027731098583338998,True
2023-04-13,3.4103710550012822,1.3282548902633584,2.082116164737924,True
2023-04-14,-0.2114018367700532,-0.2442729523639109,0.03287111559385769,True
2023-04-17,0.012103824415343745,0.3588222416728737,-0.34671841725752994,True
2023-04-18,0.7504866917568354,0.06521829984540428,0.6852683919114311,True
2023-04-19,0.6968010547704795,-0.01688187429578214,0.7136829290662616,True
2023-04-20,-0.5846175477338789,-0.5457026962713662,-0.03891485146251261,True
2023-04-21,-0.9781002321430199,0.07769201129859127,-1.0557922434416112,True
2023-04-24,0.187858097176008,0.10430944157351352,0.08354865560249447,True
2023-04-25,-0.9435440411444618,-1.5873924680064655,0.6438484268620037,True
2023-04-26,-0.006119289312533915,-0.4235493863818274,0.41743009706929346,True
2023-04-27,2.8395239997064836,1.9908032901795547,0.8487207095269289,True
2023-04-28,0.7540849712966313,0.8535139062766595,-0.09942893498002814,True
2023-05-01,-0.05302779310775163,-0.10098642161865401,0.04795862851090238,True
2023-05-02,-0.6191438881678057,-1.1238932098603827,0.5047493216925769,True
2023-05-03,-0.6467305193765482,-0.6864180177031609,0.03968749832661267,True
2023-05-04,-0.9913356034354615,-0.7083002646194769,-0.2830353388159845,True
2023-05-05,4.692699502065145,1.8512640490225163,2.841435453042629,True
2023-05-08,-0.04034522252154282,0.026657610130698117,-0.06700283265224094,False
2023-05-09,-0.9971199640597228,-0.4385303173256916,-0.5585896467340312,False
2023-05-10,1.0421053077017017,0.4672297672494219,0.5748755404522798,False
2023-05-11,0.1094676752246837,-0.17439250086966895,0.28386017609435266,False
2023-05-12,-0.5417553496393723,-0.13101711425923535,-0.410738235380137,False
2023-05-15,-0.2897374070725989,0.34498871181443125,-0.6347261188870301,False
2023-05-16,0.0,-0.6682622012526895,0.6682622012526895,False
2023-05-17,0.3603183618488437,1.2138984640229333,-0.8535801021740896,False
2023-05-18,1.366601318710492,0.9633151171123844,0.4032862015981076,False
2023-05-19,0.06284358625752162,-0.14550813783380523,0.20835172409132685,False
2023-05-22,-0.5480878248975696,0.040615493964790694,-0.5887033188623603,False
2023-05-23,-1.5154815602284155,-1.122287584739845,-0.3931939754885705,False
2023-05-24,0.16320816296475638,-0.7244658901860768,0.8876740531508331,False
2023-05-25,0.6692315013612005,0.8659711519383606,-0.19673965057716014,False
2023-05-26,1.4104678591560615,1.2950773408182625,0.11539051833779901,False
2023-05-30,1.0659564926569054,0.0380781132170549,1.0278783794398505,False
2023-05-31,-0.028196429375604293,-0.5544929221388606,0.5262964927632563,False
2023-06-01,1.6022563505603493,0.9500844082160453,0.652171942344304,False
2023-06-02,0.4775303301737477,1.4461246099252811,-0.9685942797515334,False
2023-06-05,-0.7571108607901667,-0.19162794025240348,-0.5654829205377632,False
2023-06-06,-0.20603197146289443,0.21772810134252918,-0.4237600728054236,False
2023-06-07,-0.775630501945479,-0.34574760299370677,-0.42988289895177223,False
2023-06-08,1.546520463577461,0.6048460643929499,0.9416743991845111,False
2023-06-09,0.21597838026650162,0.1794210239431493,0.03655735632335233,False
2023-06-12,1.5638683186365077,0.9072029705902152,0.6566653480462925,False
2023-06-13,-0.26116760405781037,0.6592883433256924,-0.9204559473835028,False
2023-06-14,0.3491437254556473,0.11908680799623816,0.23005691745940915,False
2023-06-15,1.1198860862421611,1.2397656486638375,-0.11987956242167641,False
2023-06-16,-0.5860022357738415,-0.34062540908776917,-0.2453768266860723,False
2023-06-20,0.04864880349415568,-0.518825604258677,0.5674744077528326,False
2023-06-21,-0.5674993017178331,-0.5123707676292777,-0.05512853408855545,False
2023-06-22,1.6525156750898162,0.3609753920654768,1.2915402830243394,False
2023-06-23,-0.17113121108387475,-0.756009722187434,0.5848785111035593,False
2023-06-26,-0.7552989311631175,-0.40856734564111985,-0.3467315855219977,False
2023-06-27,1.5059141472303583,1.0963196475230585,0.4095944997072998,False
2023-06-28,0.6327889358923144,0.05045342705842781,0.5823355088338866,False
2023-06-29,0.17963199107682293,0.3941238690076787,-0.21449187793085578,True
2023-06-30,2.31026444054776,1.1800745351871589,1.1301899053606013,True
2023-07-03,-0.7784746616541827,0.11505450445918886,-0.8935291661133715,True
2023-07-05,-0.5871468845401684,-0.14871167550309927,-0.4384352090370691,True
2023-07-06,0.25089156426556514,-0.7830776665256889,1.033969230791254,True
2023-07-07,-0.5891365661701564,-0.252464859567636,-0.33667170660252044,True
2023-07-10,-1.085576095376417,0.2531038578669653,-1.3386799532433824,True
2023-07-11,-0.2809989534494184,0.6368705050278978,-0.9178694584773162,True
2023-07-12,0.8985494060526511,0.8045951554372932,0.09395425061535789,True
2023-07-13,0.4057420112013599,0.7936658760197224,-0.3879238648183625,True
2023-07-14,0.07871956212730513,-0.06228176238463057,0.1410013245119357,True
2023-07-17,1.7305815360739496,0.34723768567215263,1.383343850401797,True
2023-07-18,-0.13405136289665887,0.7430575416178531,-0.877108904514512,True
2023-07-19,0.7071896176177761,0.2223685115143148,0.4848211061034613,True
2023-07-20,-1.00975014978949,-0.6634449213486437,-0.3463052284408463,True
2023-07-21,-0.6161611557459867,0.0,-0.6161611557459867,True
2023-07-24,0.42201079841694966,0.44673486837107923,-0.02472406995412957,True
2023-07-25,0.451357734897595,0.27301336366907236,0.17834437122852265,True
2023-07-26,0.4545063699170182,0.015359035087292305,0.4391473348297259,True
2023-07-27,-0.6580974773538806,-0.663000294751348,0.004902817397467452,True
2023-07-28,1.3507794221708336,0.9790320720692636,0.37174735010157,True
2023-07-31,0.3166089576533748,0.19039375281748594,0.12621520483588888,True
2023-08-01,-0.42758959983226763,-0.28615263263312984,-0.1414369671991378,True
2023-08-02,-1.549004081952976,-1.3910920080546507,-0.1579120738983253,True
2023-08-03,-0.7321590709149395,-0.2865771381738713,-0.44558193274106817,True
2023-08-04,-4.802015404263971,-0.4522776364802583,-4.349737767783712,True
2023-08-07,-1.7253691597528986,0.8728684278523469,-2.5982375876052455,False
2023-08-08,0.5311669404017394,-0.4348808487297018,0.9660477891314412,False
2023-08-09,-0.8954263389306272,-0.6685150866331924,-0.2269112522974348,False
2023-08-10,-0.123463681049929,0.03588872304502999,-0.159352404094959,False
2023-08-11,0.03375692635287919,-0.05830443550409736,0.09206136185697655,False
2023-08-14,0.9393056626308738,0.5520128179139716,0.3872928447169022,False
2023-08-15,-1.12002436632892,-1.1648990493484335,0.04487468301951347,False
2023-08-16,-0.4959147030535016,-0.7338212526570076,0.237906549603506,False
2023-08-17,-1.4555111833156054,-0.7619801191104614,-0.693531064205144,False
2023-08-18,0.2816060711326118,0.0481284538611515,0.23347761727146032,False
2023-08-21,0.7736960320014585,0.6506198718929213,0.12307616010853728,False
2023-08-22,0.7904732024391903,-0.2708441675662199,1.0613173700054102,False
2023-08-23,2.194890829378915,1.1137760405036667,1.0811147888752481,False
2023-08-24,-2.6170536045095782,-1.3859207949142638,-1.2311328095953145,False
2023-08-25,1.2643199837985675,0.7049819261293555,0.559338057669212,False
2023-08-28,0.8846074436275719,0.6341443012380932,0.25046314238947875,False
2023-08-29,2.1810381869133533,1.4454709615564498,0.7355672253569034,False
2023-08-30,1.9172261186918504,0.41188445151454367,1.5053416671773068,False
2023-08-31,0.11724579156238146,-0.14634498389939354,0.263590775461775,False
2023-09-01,0.8463335520617177,0.18653150199419155,0.6598020500675261,False
2023-09-05,0.1266596141924925,-0.4322043651746932,0.5588639793671857,False
2023-09-06,-3.5793254189707913,-0.6722467929330622,-2.907078626037729,False
2023-09-07,-2.9249409267013804,-0.307017234147422,-2.6179236925539584,False
2023-09-08,0.3491671428142107,0.15060268699220725,0.19856445582200344,False
2023-09-11,0.6622587065090002,0.6576607848645555,0.004597921644444725,False
2023-09-12,-1.7060522845636195,-0.5485521836692486,-1.1575001008943708,False
2023-09-13,-1.1854942644655142,0.11660208359105528,-1.3020963480565695,False
2023-09-14,0.8782654639987619,0.862227318837383,0.016038145161378914,False
2023-09-15,-0.4154008917432783,-1.2048227332235872,0.7894218414803089,False
2023-09-18,1.6913420594786288,0.05864479602679662,1.6326972634518322,False
2023-09-19,0.6180799544367455,-0.20737657590272907,0.8254565303394745,False
2023-09-20,-1.9992088157187449,-0.919346142503763,-1.0798626732149819,False
2023-09-21,-0.8889620494262562,-1.6528319833654548,0.7638699339391986,False
2023-09-22,0.49444998513368255,-0.22484795541355407,0.7192979405472366,False
2023-09-25,0.7380258091966851,0.420508353777338,0.31751745541934717,False
2023-09-26,-2.3398431946808573,-1.4691103628161728,-0.8707328318646845,False
2023-09-27,-0.8897391951367628,0.03990097303963047,-0.9296401681763933,False
2023-09-28,0.15257578881049394,0.5797557091754335,-0.42717992036493957,True
2023-09-29,0.3046324847706394,-0.24270098210257274,0.5473334668732122,True
2023-10-02,1.4835660789022764,-0.03977366836253049,1.523339747264807,True
2023-10-03,-0.7769822719046471,-1.3386023490130183,0.5616200771083713,True
2023-10-04,0.7308657013697539,0.7281997368277615,0.002665964541992416,True
2023-10-05,0.7197899974537458,-0.03768653894057339,0.7574765363943192,True
2023-10-06,1.4750387519521402,1.1872961574528773,0.28774259449926287,True
2023-10-09,0.845125203782171,0.6402125591660424,0.20491264461612868,True
2023-10-10,-0.3352015672898556,0.5204781094568567,-0.8556796767467123,True
2023-10-11,0.7903872914154952,0.4096280585898837,0.3807592328256115,True
2023-10-12,0.5061172055659924,-0.609639816253138,1.1157570218191304,True
2023-10-13,-1.029276312869687,-0.49809005023256914,-0.5311862626371178,True
2023-10-16,-0.07268774246135257,1.0521398297915985,-1.124827572252951,True
2023-10-17,-0.8784622449105495,-0.0045797714089190755,-0.8738824735016304,True
2023-10-18,-0.7394770395670158,-1.3325152738051016,0.5930382342380858,True
2023-10-19,-0.21610349039853372,-0.8786350087727768,0.6625315183742431,True
2023-10-20,-1.4704236786725056,-1.2288038062324036,-0.24161987244010197,True
2023-10-23,0.0693900491564925,-0.17330876535470718,0.24269881451119968,True
2023-10-24,0.25434884822674864,0.7539190055142475,-0.4995701572874989,True
2023-10-25,-1.3491462470725857,-1.435207358953705,0.08606111188111942,True
2023-10-26,-2.4605697057904385,-1.1974780800616314,-1.2630916257288072,True
2023-10-27,0.796924567794588,-0.4532676177104955,1.2501921855050835,True
2023-10-30,1.2305266473982224,1.1955825161883427,0.034944131209879714,True
2023-10-31,0.28187232710594756,0.628021243503829,-0.3461489163978815,True
2023-11-01,1.8738759665908322,1.066477903491414,0.8073980630994182,True
2023-11-02,2.0693237416500976,1.916436384566822,0.1528873570832756,True
2023-11-03,-0.5181102330744758,0.9123406826067049,-1.4304509156811807,True
2023-11-06,1.4605096626928216,0.2300536500511985,1.230456012641623,False
2023-11-07,1.4450706387572065,0.28459187586402646,1.16047876289318,False
2023-11-08,0.5884935164854221,0.07324924916465303,0.5152442673207691,False
2023-11-09,-0.26244461496049976,-0.7798677753510841,0.5174231603905843,False
2023-11-10,2.3220005073137706,1.560473072047297,0.7615274352664736,False
2023-11-13,-0.8583559411824315,-0.09532018918092522,-0.7630357520015063,False
2023-11-14,1.4285514248173925,1.940071592589887,-0.5115201677724945,False
2023-11-15,0.3040970349429628,0.21170203185669756,0.09239500308626525,False
2023-11-16,0.9042328505274533,0.12231900864485556,0.7819138418825977,False
2023-11-17,-0.010563048653355889,0.12438031266428506,-0.13494336131764095,False
2023-11-20,0.9278275928345181,0.7697541833656452,0.15807340946887294,False
2023-11-21,-0.4230827621712008,-0.2179377490161727,-0.2051450131550281,False
2023-11-22,0.3514451442429456,0.38607904291965145,-0.034633898676705854,False
2023-11-24,-0.7004286659505365,0.06153203661312112,-0.7619607025636577,False
2023-11-27,-0.09475085454957455,-0.1800965549249689,0.08534570037539435,False
2023-11-28,0.32140825885234037,0.09901592047776298,0.2223923383745774,False
2023-11-29,-0.5409699534394186,-0.07035102767853907,-0.4706189257608795,False
2023-11-30,0.30626842498937545,0.3937541108143261,-0.08748568582495064,False
2023-12-01,0.6791464031505434,0.591582494524312,0.08756390862623142,False
2023-12-04,-0.9464594895670086,-0.5249433046868646,-0.4215161848801441,False
2023-12-05,2.106324918647551,-0.019697728896550526,2.1260226475441013,False
2023-12-06,-0.568717223962989,-0.40297184168928135,-0.1657453822737076,False
2023-12-07,1.0139382876792835,0.7630274164991624,0.2509108711801211,False
2023-12-08,0.7412368949160086,0.42992705636495376,0.3113098385510549,False
2023-12-11,-1.2927300178749435,0.3889575041001958,-1.6816875219751393,False
2023-12-12,0.7920074636808438,0.4567196302854626,0.33528783339538126,False
2023-12-13,1.6691462703540827,1.3790031433975836,0.29014312695649913,False
2023-12-14,0.07577731072168081,0.32094843723409205,-0.24517112651241124,False
2023-12-15,-0.27258864592872856,-0.16466056793493777,-0.10792807799379078,False
2023-12-18,-0.8503282694350189,0.5625203641526966,-1.4128486335877155,False
2023-12-19,0.5360228675831635,0.6080869904633524,-0.07206412288018882,False
2023-12-20,-1.0713902200633174,-1.3857309985887967,0.31434077852547926,False
2023-12-21,-0.07699469140616255,0.9481977024365706,-1.0251923938427332,False
2023-12-22,-0.5547509590214883,0.20096247908722997,-0.7557134381087183,False
2023-12-26,-0.2840942316411854,0.4222529656742857,-0.7063471973154711,False
2023-12-27,0.051797757999638705,0.18080762052081756,-0.12900986252117885,False
2023-12-28,0.22261823962370642,0.03778156519502751,0.1848366744286789,True
2023-12-29,-0.5424113062549085,-0.289496788336574,-0.2529145179183345,True
2024-01-02,-3.5786505168165395,-0.5596472134290043,-3.019003303387535,True
2024-01-03,-0.7487627032986222,-0.8166714701105415,0.06790876681191937,True
2024-01-04,-1.2700258484338756,-0.32209920762327204,-0.9479266408106035,True
2024-01-05,-0.4013084034123593,0.1369589085797207,-0.53826731199208,True
2024-01-08,2.417501252260945,1.427597305148609,0.9899039471123361,True
2024-01-09,-0.2263451549453288,-0.15170810317232108,-0.07463705177300772,True
2024-01-10,0.5671382766131217,0.5655529231584966,0.0015853534546250714,True
2024-01-11,-0.3222537677689763,-0.044064021775436224,-0.27818974599354007,True
2024-01-12,0.1778233692573794,0.06927304984909455,0.10855031940828486,True
2024-01-16,-1.2317176618192094,-0.36713180393894707,-0.8645858578802623,True
2024-01-17,-0.5173553260094277,-0.5558743575536207,0.038519031544193005,True
2024-01-18,3.257077991441726,0.8892879948702914,2.3677899965714344,True
2024-01-19,1.5533052075213494,1.2466077528639152,0.30669745465743414,True
2024-01-22,1.21632667895617,0.2114424192295239,1.004884259726646,True
2024-01-23,0.6653296150524346,0.2916456494039821,0.3736839656484525,True
2024-01-24,-0.34839985678262186,0.10931593789482719,-0.45771579467744905,True
2024-01-25,-0.1696773050625433,0.5438889801598457,-0.713566285222389,True
2024-01-26,-0.9012719504321476,-0.1270411259280957,-0.7742308245040519,True
2024-01-29,-0.35858435545670364,0.7919341692210757,-1.1505185246777794,True
2024-01-30,-1.9245863199048974,-0.07734136172738992,-1.8472449581775074,True
2024-01-31,-1.9357482116785452,-1.6317324891354845,-0.30401572254306064,True
2024-02-01,1.3340624926389433,1.3088223351345185,0.025240157504424765,True
2024-02-02,-0.5405189750409045,1.0527389052944702,-1.5932578803353747,True
2024-02-05,0.984649652790548,-0.3641115179848997,1.3487611707754477,False
2024-02-06,0.8631956590231971,0.29032075786752376,0.5728749011556733,False
2024-02-07,0.05810461776705189,0.8340277497735693,-0.7759231320065174,False
2024-02-08,-0.5754798593027521,0.04418011019851065,-0.6196599695012628,False
2024-02-09,0.40940515406369116,0.5779472242863237,-0.16854207022263257,False
2024-02-12,-0.9001875967817763,-0.04389436277209002,-0.8562932340096863,False
2024-02-13,-1.127429141644376,-1.3773152193996552,0.24988607775527916,False
2024-02-14,-0.4809929352889597,0.9087604599481436,-1.3897533952371033,False
2024-02-15,-0.15745812185349317,0.6899888176713498,-0.847446939524843,False
2024-02-16,-0.8430505039636604,-0.4980060757426519,-0.34504442822100856,False
2024-02-20,-0.41138477884756774,-0.5505453177698016,0.1391605389222339,False
2024-02-21,0.4185830080191799,0.09059414233421048,0.32798886568496943,False
2024-02-22,1.1243991545279775,2.0695399434599526,-0.9451407889319752,False
2024-02-23,-1.0034039757522373,0.06897095252564878,-1.072374928277886,False
2024-02-26,-0.7451256839112297,-0.36625532242956504,-0.37887036148166464,False
2024-02-27,0.8114424431975964,0.1857754668721734,0.625666976325423,False
2024-02-28,-0.6625508181228201,-0.13216252536034645,-0.5303882927624737,False
2024-02-29,-0.36931870936953715,0.3594989659594372,-0.7288176753289743,False
2024-03-01,-0.6030239539763338,0.9388187530355419,-1.5418427070118756,False
2024-03-04,-2.538126786979078,-0.10724009353858532,-2.4308866934404927,False
2024-03-05,-2.844102289637196,-0.9994162517870886,-1.8446860378501073,False
2024-03-06,-0.5878139091754497,0.5067226987130358,-1.0945366078884855,False
2024-03-07,-0.07096748548518494,0.9926431794814006,-1.0636106649665855,False
2024-03-08,1.0236788484216053,-0.6002128739280188,1.623891722349624,False
2024-03-11,1.1831587650356967,-0.08598396053856039,1.2691427255742571,False
2024-03-12,0.2778426353313046,1.0757305736395883,-0.7978879383082838,False
2024-03-13,-1.2122434905295187,-0.15674731440953327,-1.0554961761199855,False
2024-03-14,1.0927392318293316,-0.19767967601285186,1.2904189078421835,False
2024-03-15,-0.21967830311070413,-0.686654192276781,0.4669758891660769,False
2024-03-18,0.6372532201080361,0.5943046401512886,0.0429485799567475,False
2024-03-19,1.3585124601150467,0.5557255898984481,0.8027868702165986,False
2024-03-20,1.4709152123493885,0.9249352585821047,0.5459799537672838,False
2024-03-21,-4.085747118856132,0.3304751927078131,-4.416222311563945,False
2024-03-22,0.5310309335819552,-0.18958806490088076,0.720618998482836,False
2024-03-25,-0.8300692568191992,-0.2762822863165204,-0.5537869705026788,False
2024-03-26,-0.6672204101753731,-0.18469848006118506,-0.4825219301141881,False
2024-03-27,2.121241951457753,0.8403605743013687,1.2808813771563843,False
2024-03-28,-1.0559162233027442,-0.019104216060938928,-1.0368120072418052,True
2024-04-01,-0.8455771635137443,-0.17396740934640942,-0.6716097541673349,True
2024-04-02,-0.6998602450881575,-0.6358258263762573,-0.06403441871190019,True
2024-04-03,0.47974746814880564,0.10985567585155565,0.36989179229725,True
2024-04-04,-0.4892629554667072,-1.2206149584527481,0.731352002986041,True
2024-04-05,0.45019875592569036,1.0446988791420697,-0.5945001232163794,True
2024-04-08,-0.6663570299183519,0.055930409365378964,-0.7222874392837308,True
2024-04-09,0.7242416197748902,0.11568075884846873,0.6085608609264215,True
2024-04-10,-1.1139107698168838,-1.0013120910295936,-0.11259867878729013,True
2024-04-11,4.327071715814013,0.7546747405593246,3.572396975254688,True
2024-04-12,0.8626808977098221,-1.3803007607398277,2.24298165844965,True
2024-04-15,-2.186357473712097,-1.2528033068295308,-0.9335541668825664,True
2024-04-16,-1.9167212208764495,-0.1823849351724527,-1.7343362857039968,True
2024-04-17,-0.8147461339542583,-0.591815733489498,-0.22293040046476031,True
2024-04-18,-0.5714241238865436,-0.20577898900607794,-0.3656451348804657,True
2024-04-19,-1.2212582613432499,-0.8728378999191211,-0.3484203614241288,True
2024-04-22,0.5090740731072296,0.9209121153805233,-0.4118380422732937,True
2024-04-23,0.6391790694850741,1.186666829700056,-0.5474877602149819,True
2024-04-24,1.2702298198600692,-0.047460944291533025,1.3176907641516022,True
2024-04-25,0.5147230880982567,-0.3798863480614312,0.8946094361596879,True
2024-04-26,-0.34727111205442585,0.9473902357760577,-1.2946613478304836,True
2024-04-29,2.480784780730372,0.3541414188253267,2.126643361905045,True
2024-04-30,-1.8270795268622408,-1.584122251844633,-0.2429572750176079,True
2024-05-01,-0.6047004702854575,-0.3247126074506168,-0.2799878628348407,True
2024-05-02,2.2031773475532868,0.9353352715692376,1.2678420759840492,True
2024-05-03,5.981620277279243,1.2395427488943733,4.742077528384869,True
2024-05-06,-0.9106811082660204,1.03267771169131,-1.9433588199573304,False
2024-05-07,0.37971796588405216,0.11034444800377408,0.2693735178802781,False
2024-05-08,0.1864124447237714,0.00966348641711079,0.1767489583066606,False
2024-05-09,1.0014273755752034,0.5761726514315724,0.4252547241436311,False
2024-05-10,-0.6890171406234602,0.12883714839406757,-0.8178542890175278,False
2024-05-13,1.764534675860796,0.01341361791671325,1.7511210579440828,False
2024-05-14,0.6173587840953898,0.45882065884528256,0.15853812525010724,False
2024-05-15,1.2217894820617525,1.238307980169906,-0.016518498108153423,False
2024-05-16,0.06324895065528136,-0.20574722302447723,0.2689961736797586,False
2024-05-17,0.015796173684434756,0.1437491921552514,-0.12795301847081664,False
2024-05-20,0.6162204804045501,0.11520877070487767,0.5010117096996725,False
2024-05-21,0.6857283835614236,0.24525591543151926,0.44047246812990437,False
2024-05-22,-0.753848992197792,-0.2879312250606447,-0.4659177671371473,False
2024-05-23,-2.1058113107699117,-0.730414905980914,-1.3753964047889977,False
2024-05-24,1.658818166759768,0.6616389080142504,0.9971792587455175,False
2024-05-28,0.005272292904012765,0.06988262568832226,-0.0646103327843095,False
2024-05-29,0.15790169923834974,-0.7002564927862553,0.8581581920246051,False
2024-05-30,0.5255065184347485,-0.6633828769827987,1.1888893954175472,False
2024-05-31,0.5018547907376325,0.9108146579323906,-0.4089598671947581,False
2024-06-03,0.9258848617889059,0.08154236490591771,0.8443424968829882,False
2024-06-04,0.16493051912931378,0.11178870552506215,0.05314181360425163,False
2024-06-05,0.7820805915865314,1.1885128868351469,-0.40643229524861546,False
2024-06-06,-0.7096504540139326,-0.001865832421898972,-0.7077846215920336,False
2024-06-07,1.239215672644467,-0.12156125041559163,1.3607769230600586,False
2024-06-10,-1.914790474064465,0.30894334952735747,-2.2237338235918225,False
2024-06-11,7.264919360387867,0.2408645095521189,7.024054850835748,False
2024-06-12,2.857826408524522,0.8213004669158641,2.036525941608658,False
2024-06-13,0.5491236416109713,0.20133465260645522,0.34778898900451605,False
2024-06-14,-0.8168387207109884,0.060861789141197775,-0.8777005098521862,False
2024-06-17,1.9671407938850471,0.7958682807726492,1.171272513112398,False
2024-06-18,-1.098448570082644,0.2540851351021667,-1.3525337051848108,False
2024-06-20,-2.151284596824654,-0.2716748477562536,-1.8796097490684005,False
2024-06-21,-1.0444442132493403,-0.13405883086473613,-0.9103853823846042,False
2024-06-24,0.3132753077057071,-0.32507907259383684,0.6383543802995439,False
2024-06-25,0.44681965566588655,0.3851010881768202,0.061718567489066345,False
2024-06-26,1.9993120820422705,0.12481745646617526,1.8744946255760953,False
2024-06-27,0.3985946243683314,0.1576444992927195,0.24095012507561187,True
2024-06-28,-1.625417847579913,-0.3935193690131067,-1.2318984785668063,True
2024-07-01,2.9104659034273617,0.2058108034341144,2.7046550999932473,True
2024-07-02,1.6239944433025455,0.672964535851639,0.9510299074509065,True
2024-07-03,0.5811037637767136,0.44627038991094103,0.13483337386577254,True
2024-07-05,2.162035137552132,0.5766430596816363,1.5853920778704955,True
2024-07-08,0.6539042376648929,0.1153935021513286,0.5385107355135643,True
2024-07-09,0.37747243840262623,0.09722936055829301,0.2802430778443332,True
2024-07-10,1.8803520432738363,0.9895640624736135,0.8907879808002228,True
2024-07-11,-2.322088324654792,-0.8622711263512106,-1.4598171983035813,True
2024-07-12,1.3051008157133337,0.6307564610181116,0.6743443546952221,True
2024-07-15,1.674327110909135,0.27501770468092435,1.3993094062282108,True
2024-07-16,0.17919116172904204,0.5929978265895919,-0.41380666486054984,True
2024-07-17,-2.529605475779817,-1.4021167193897233,-1.1274887563900937,True
2024-07-18,-2.053482692336217,-0.7684751228427489,-1.2850075694934682,True
2024-07-19,0.05798771129246205,-0.6640735874323123,0.7220612987247743,True
2024-07-22,-0.15602132672711821,1.0310147830898675,-1.1870361098169857,True
2024-07-23,0.4688228387861759,-0.15687313299962424,0.6256959717858002,True
2024-07-24,-2.8754247948780565,-2.2662596071628127,-0.6091651877152437,True
2024-07-25,-0.48045715834630354,-0.5210326123652353,0.04057545401893181,True
2024-07-26,0.21609392206265454,1.1199683439026886,-0.9038744218400341,True
2024-07-29,0.1284689597016886,0.05878910874113075,0.06967985096055784,True
2024-07-30,0.25660121820993975,-0.5066469099204607,0.7632481281304004,True
2024-07-31,1.4990932447948468,1.6254461855684799,-0.12635294077363302,True
2024-08-01,-1.6750839025758912,-1.4160823774459486,-0.2590015251299427,True
2024-08-02,0.6869472356674011,-1.8618381942420825,2.5487854299094836,True
2024-08-05,-4.816706346757993,-2.912374407352447,-1.9043319394055458,False
2024-08-06,-0.9748206566957851,0.9219641677138402,-1.8967848244096253,False
2024-08-07,1.249825233223767,-0.6683942991935421,1.918219532417309,False
2024-08-08,1.6633255235027011,2.3117259811273883,-0.6484004576246871,False
2024-08-09,1.373587099393836,0.44096889243268045,0.9326182069611555,False
2024-08-12,0.7129987122672432,0.05253096032542537,0.6604677519418178,False
2024-08-13,1.719303599263089,1.6445620250804094,0.07474157418267957,False
2024-08-14,0.20337037541480196,0.31547289402866774,-0.11210251861386578,False
2024-08-15,1.3530600259306302,1.7140311879359382,-0.360971162005308,False
2024-08-16,0.5918539170478576,0.22420534476683684,0.36764857228102077,False
2024-08-19,-0.07079384823248658,0.9561341222614317,-1.0269279704939183,False
2024-08-20,0.2744772002754914,-0.16260164407465583,0.4370788443501472,False
2024-08-21,-0.048565581114035083,0.3436425734570481,-0.39220815457108316,False
2024-08-22,-0.8259685946767847,-0.7848486746525829,-0.04111992002420184,False
2024-08-23,1.0288162308863091,1.0625422082696234,-0.03372597738331429,False
2024-08-26,0.14988849683916783,-0.23838106519552538,0.3882695620346932,False
2024-08-27,0.3741469098550665,0.13730160726774798,0.2368453025873185,False
2024-08-28,-0.6753455796357333,-0.580537629529454,-0.09480795010627929,False
2024-08-29,1.457007976867497,0.008972368777704354,1.4480356080897927,False
2024-08-30,-0.3437808697117739,0.9545921995703255,-1.2983730692820994,False
2024-09-03,-2.7205217453650232,-2.0579068703587944,-0.6626148750062288,False
2024-09-04,-0.8618759200374804,-0.2046705778586344,-0.657205342178846,False
2024-09-05,0.6927783713687852,-0.24321834692743183,0.935996718296217,False
2024-09-06,-0.7015018628813041,-1.683011785289068,0.9815099224077639,False
2024-09-09,0.040748621103214866,1.1196185533371317,-1.0788699322339168,False
2024-09-10,-0.3621426961418095,0.4355751434514721,-0.7977178395932816,False
2024-09-11,1.1585218732412583,1.0258978389758866,0.13262403426537173,False
2024-09-12,0.04940532364587913,0.8423211299283695,-0.7929158062824904,False
2024-09-13,-0.12121023428490751,0.5222631596265348,-0.6434733939114423,False
2024-09-16,-2.7775222249363685,0.14769712578917016,-2.9252193507255386,False
2024-09-17,0.2172668750690221,0.04085605132226888,0.1764108237467532,False
2024-09-18,1.7989829868804152,-0.29656002294068395,2.095543009821099,False
2024-09-19,3.7065472394033794,1.706428571270413,2.0001186681329663,False
2024-09-20,-0.292753432352133,-0.1728717035514804,-0.11988172880065262,False
2024-09-23,-0.7580951015615844,0.24988883773886528,-1.0079839393004497,False
2024-09-24,0.3974015365397765,0.2861370368871796,0.11126449965259688,False
2024-09-25,-0.43981020315939645,-0.2205410897278548,-0.21926911343154165,False
2024-09-26,0.508020446085955,0.396449239138974,0.11157120694698097,True
2024-09-27,0.11866621200995464,-0.14503104645270382,0.26369725846265846,True
2024-09-30,2.28719643023505,0.40071571324067357,1.8864807169943765,True
2024-10-01,-2.914162539248255,-0.8958440017425073,-2.0183185375057477,True
2024-10-02,0.251975114252323,0.04221308586047634,0.20976202839184666,True
2024-10-03,-0.4894621978448144,-0.18282077257869567,-0.3066414252661187,True
2024-10-04,0.5007363970533252,0.9087290320370034,-0.4079926349836782,True
2024-10-07,-2.2530811449934074,-0.904038305219601,-1.3490428397738063,True
2024-10-08,1.8404113468972305,0.9457535807176232,0.8946577661796073,True
2024-10-09,1.669827194641238,0.6926514839335152,0.9771757107077228,True
2024-10-10,-0.21782284780109684,-0.17501257949883442,-0.04281026830226242,True
2024-10-11,-0.6505403426863343,0.5988412916250407,-1.249381634311375,True
2024-10-14,1.6479919866528636,0.8178303938149334,0.8301615928379302,True
2024-10-15,1.102467326414236,-0.7769673344579675,1.8794346608722035,True
2024-10-16,-0.8851872718231846,0.43464145045915004,-1.3198287222823346,True
2024-10-17,0.15963005443588862,0.00856561672069045,0.15106443771519817,True
2024-10-18,1.2276591034842577,0.3846749664107696,0.8429841370734881,True
2024-10-21,0.6297776590833637,-0.16422895222352185,0.7940066113068855,True
2024-10-22,-0.2621726418916004,-0.05311320001563091,-0.20905944187596948,True
2024-10-23,-2.162299136382817,-0.913749969329225,-1.248549167053592,True
2024-10-24,-0.08232895247463068,0.21628398893882572,-0.2986129414134564,True
2024-10-25,0.36431346557592725,-0.03453973899124607,0.3988532045671733,True
2024-10-28,0.8599271140090403,0.30914598515230374,0.5507811288567366,True
2024-10-29,0.11569641675746034,0.16183584206801438,-0.04613942531055404,True
2024-10-30,-1.5277945140216187,-0.3025299044622787,-1.22526460955934,True
2024-10-31,-1.820946779757926,-1.960308208060202,0.13936142830227594,True
2024-11-01,-1.3279644557517956,0.4220614752941776,-1.7500259310459731,True
2024-11-04,-0.4037551368587633,-0.21540078738687685,-0.18835434947188645,False
2024-11-05,0.6486146430856987,1.2091723159443069,-0.5605576728586081,False
2024-11-06,-0.3266981933330304,2.486554887013992,-2.8132530803470224,False
2024-11-07,2.137215982097884,0.7732283254903383,1.363987656607546,False
2024-11-08,-0.11882199810370198,0.43315951055544755,-0.5519815086591495,False
2024-11-11,-1.202863683936084,0.09529240006855844,-1.2981560840046424,False
2024-11-12,0.0,-0.31064722137856826,0.31064722137856826,False
2024-11-13,0.3969315137112739,0.04856921164559935,0.34836230206567453,False
2024-11-14,1.3770372639440698,-0.6429936065846964,2.020030870528766,False
2024-11-15,-1.4109206721477863,-1.28085978208885,-0.13006089005893617,False
2024-11-18,1.3422249114376728,0.40973288821755105,0.9324920232201217,False
2024-11-19,0.11402749230198239,0.36555348431992485,-0.25152599201794246,False
2024-11-20,0.31539897402841355,0.033871601753099334,0.2815273722753142,False
2024-11-21,-0.2096026598888745,0.5368305278844021,-0.7464331877732766,False
2024-11-22,0.59074947256188,0.30993960889811323,0.2808098636637668,False
2024-11-25,1.3050936018113468,0.3392173809812826,0.9658762208300642,False
2024-11-26,0.9404412237070225,0.5221361938247959,0.4183050298822266,False
2024-11-27,-0.055315973998693035,-0.3029956681305679,0.24767969413187485,False
2024-11-29,1.0215924772482232,0.6212218017398241,0.4003706755083991,False
2024-12-02,0.9522507995701979,0.17922099689815507,0.7730298026720428,False
2024-12-03,1.2771867115465074,0.0463853790493296,1.2308013324971778,False
2024-12-04,0.1483571932835437,0.6209516895420153,-0.4725944962584716,False
2024-12-05,0.012356348772724068,-0.1645808810873839,0.17693722986010796,False
2024-12-06,-0.08229610743637483,0.18958870699643526,-0.2718848144328101,False
2024-12-09,1.6101070572768883,-0.5149770259368247,2.125084083213713,False
2024-12-10,0.4133816459841233,-0.3108951106848501,0.7242767566689734,False
2024-12-11,-0.516605704784967,0.7730473921046865,-1.2896530968896536,False
2024-12-12,0.5963657773114139,-0.5152432021352626,1.1116089794466766,False
2024-12-13,0.0685597040910979,-0.019879853506288292,0.0884395575973862,False
2024-12-16,1.1727716775988828,0.4270147402686719,0.7457569373302109,False
2024-12-17,0.9719574629094341,-0.4119961667651162,1.3839536296745503,False
2024-12-18,-2.1421732763525547,-2.9803607053334735,0.8381874289809188,False
2024-12-19,0.7014638929435435,-0.030711433636354535,0.732175326579898,False
2024-12-20,1.8815843763568818,1.2011056129754172,0.6804787633814646,False
2024-12-23,0.3064897566217084,0.5988309811411963,-0.29234122451948785,False
2024-12-24,1.1478047504595246,1.1115009681411214,0.036303782318403144,False
2024-12-26,0.3175858677435084,0.006654786640147847,0.31093108110336054,True
2024-12-27,-1.3242256537275732,-1.0526494146641974,-0.2715762390633758,True
2024-12-30,-1.3263384809614531,-1.1411663108467862,-0.1851721701146669,True
2024-12-31,-0.7057899156563741,-0.363801050145629,-0.34198886551074503,True
2025-01-02,-2.623592865405111,-0.2457095136152776,-2.3778833517898335,True
2025-01-03,-0.20094284989987665,1.2503430133333104,-1.451285863233187,True
2025-01-06,0.6738979505805709,0.576072933491445,0.09782501708912594,True
2025-01-07,-1.1387742814264357,-1.130403278194403,-0.00837100323203277,True
2025-01-08,0.20230342907097132,0.14609464343768863,0.05620878563328269,True
2025-01-10,-2.4103866786695516,-1.5267486638264827,-0.8836380148430689,True
2025-01-13,-1.0344146514237318,0.15504728649695654,-1.1894619379206883,True
2025-01-14,-0.47781022729286304,0.13758993292889432,-0.6154001602217574,True
2025-01-15,1.9676000453105802,1.8190078010056787,0.14859224430490148,True
2025-01-16,-4.040025875610331,-0.19232490094934773,-3.847700974660983,True
2025-01-17,0.7535239806619742,1.00400598314212,-0.25048200248014574,True
2025-01-21,-3.1915790534446264,0.9153350710418673,-4.106914124486494,True
2025-01-22,0.5344971556754174,0.5621620182496123,-0.02766486257419487,True
2025-01-23,-0.07595078175686165,0.5458022935284301,-0.6217530752852918,True
2025-01-24,-0.39345420817888943,-0.29193280664033816,-0.10152140153855127,True
2025-01-27,3.178024510857891,-1.4145337846320327,4.592558295489924,True
2025-01-28,3.6543927124331743,0.8592330306164131,2.795159681816761,True
2025-01-29,0.4616803685774551,-0.44829682753841915,0.9099771961158742,True
2025-01-30,-0.7394754723483832,0.5367237145750714,-1.2761991869234546,True
2025-01-31,-0.669219601419091,-0.5321947511904845,-0.13702485022860644,True
2025-02-03,-3.3855931264941796,-0.6729584200247607,-2.712634706469419,False
2025-02-04,2.1007914714474385,0.6708237484643886,1.4299677229830499,False
2025-02-05,-0.14175581931341608,0.40546427059684476,-0.5472200899102608,False
2025-02-06,0.32263086175314815,0.3475550142989503,-0.02492415254580216,False
2025-02-07,-2.39687960119066,-0.915350336018872,-1.4815292651717882,False
2025-02-10,0.1187343922486539,0.6791197653968517,-0.5603853731481978,False
2025-02-11,2.183176471862147,0.0760604563218914,2.1071160155402557,False
2025-02-12,1.8270152940516038,-0.3221594137696404,2.149174707821244,False
2025-02-13,1.967323848251623,1.0557573548127586,0.9115664934388645,False
2025-02-14,1.271070804775687,-0.004932211962360711,1.2760030167380476,False
2025-02-18,-0.053150209339591914,0.2935975616858322,-0.3467477710254241,False
2025-02-19,0.16361258388950528,0.23548915123019487,-0.07187656734068959,False
2025-02-20,0.39204379935835476,-0.41603169796021744,0.8080754973185722,False
2025-02-21,-0.11389645779961155,-1.710403634335833,1.5965071765362215,False
2025-02-24,0.6312383382871323,-0.4550643627199813,1.0863027010071136,False
2025-02-25,-0.02428315584860341,-0.49729514209215786,0.47301198624355445,False
2025-02-26,-2.704011939380868,0.0504623078982247,-2.754474247279093,False
2025-02-27,-1.273091938670523,-1.5961769361479416,0.3230849974774186,False
2025-02-28,1.9131868844441513,1.5605535959651196,0.35263328847903175,False
2025-03-03,-1.5754202507164528,-1.7519963517137471,0.17657610099729437,False
2025-03-04,-0.8822443665799096,-1.1836812583395306,0.3014368917596211,False
2025-03-05,-0.0805297297409524,1.074775934465011,-1.1553056642059634,False
2025-03-06,-0.17391917687868963,-1.775115717303244,1.6011965404245543,False
2025-03-07,1.5892618029543115,0.5604909012687731,1.0287709016855384,False
2025-03-10,-4.847960193409895,-2.663549477866589,-2.1844107155433057,False
2025-03-11,-2.9189374883390795,-0.8313009339123156,-2.087636554426764,False
2025-03-12,-1.747865727172493,0.5306651781871174,-2.2785309053596103,False
2025-03-13,-3.364369240834908,-1.3330463430394346,-2.0313228977954734,False
2025-03-14,1.8170527863980768,2.0655675212473135,-0.2485147348492367,False
2025-03-17,0.23889813247655045,0.7711389808988445,-0.532240848422294,False
2025-03-18,-0.6121524276716084,-1.0808514891609389,0.4686990614893305,False
2025-03-19,1.1989258640142442,1.089084237601412,0.10984162641283213,False
2025-03-20,-0.5296453281991353,-0.28916568888006644,-0.2404796393190689,False
2025-03-21,1.9476894134998757,0.0329786094405593,1.9147108040593164,False
2025-03-24,1.1270504380850088,1.790857697164272,-0.6638072590792632,False
2025-03-25,1.3681856127698344,0.24038765740486134,1.127797955364973,False
2025-03-26,-0.9921848040083447,-1.1938242442417257,0.20163944023338098,False
2025-03-27,1.0472665366113354,-0.26557734513826814,1.3128438817496035,True
2025-03-28,-2.658041181266513,-2.0138263417040614,-0.6442148395624514,True
2025-03-31,1.9412677172281345,0.6712660163047612,1.2700017009233733,True
2025-04-01,0.4771951175297495,0.2824590756817402,0.1947360418480093,True
2025-04-02,0.313635061160511,0.632831927540134,-0.31919686637962297,True
2025-04-03,-9.245610910922164,-4.9280840304919415,-4.317526880430222,True
2025-04-04,-7.288740460316124,-5.854290999297385,-1.4344494610187386,True
2025-04-07,-3.673428915114274,-0.17811549348305533,-3.4953134216312187,True
2025-04-08,-4.981810106216555,-1.5662838919383582,-3.415526214278197,True
2025-04-09,15.328841216885225,10.501940700140121,4.826900516745104,True
2025-04-10,-4.239386058342753,-4.381905169427358,0.1425191110846047,True
2025-04-11,4.059456922966587,1.7842816092358715,2.275175313730715,True
2025-04-14,2.2053973727107268,0.9701418706801856,1.2352555020305411,True
2025-04-15,-0.18762965785447117,-0.2800946751292277,0.09246501727475653,True
2025-04-16,-3.8933437517184477,-2.2227960909993016,-1.670547660719146,True
2025-04-17,1.3949632775603904,0.14267883196374953,1.2522844455966409,True
2025-04-21,-1.9392881061038092,-2.3802667972205205,0.4409786911167113,True
2025-04-22,3.4065159439442327,2.6017703599874986,0.8047455839567341,True
2025-04-23,2.4331588268553084,1.5495424213525677,0.8836164055027407,True
2025-04-24,1.8426141911106475,2.104895439404708,-0.26228124829406063,True
2025-04-25,0.43671931022537525,0.722540716186848,-0.28582140596147276,True
2025-04-28,0.41094819064935173,0.03812698342773313,0.3728212072216186,True
2025-04-29,0.5091803132489137,0.6299396001456126,-0.1207592868966989,True
2025-04-30,0.6107640854218666,0.03968426298504024,0.5710798224368263,True
2025-05-01,0.38588679064202047,0.7086931681547837,-0.3228063775127632,True
2025-05-02,-3.736171359938467,1.4844269772543717,-5.220598337192839,True
2025-05-05,-3.1458498670887347,-0.5734427432265043,-2.5724071238622304,False
2025-05-06,-0.19106182615660217,-0.8358391135077414,0.6447772873511393,False
2025-05-07,-1.1384846084720346,0.4205552130898571,-1.5590398215618917,False
2025-05-08,0.6318494633554828,0.6967684260671847,-0.06491896271170194,False
2025-05-09,0.5266076204561099,-0.12740230374482797,0.6540099242009378,False
2025-05-12,6.314614951132236,3.304739524694744,3.0098754264374916,False
2025-05-13,1.0152329556051276,0.660390698601776,0.3548422570033516,False
2025-05-14,-0.28177566784739483,0.12780408102288643,-0.40957974887028126,False
2025-05-15,-0.4144526899852674,0.48843462131384907,-0.9028873112991165,False
2025-05-16,-0.08985807760553133,0.6334031066959067,-0.723261184301438,False
2025-05-19,-1.1739103087880398,0.1093839786922457,-1.2832942874802855,False
2025-05-20,-0.9196227967492532,-0.33621824491902874,-0.5834045518302244,False
2025-05-21,-2.3059077289488417,-1.6850904636366515,-0.6208172653121902,False
2025-05-22,-0.3612269504163268,0.039473420138946835,-0.40070037055527363,False
2025-05-23,-3.02443599944231,-0.6825668653144379,-2.341869134127872,False
2025-05-27,2.5298332196322493,2.0790493781669195,0.4507838414653298,False
2025-05-28,0.10489257332475521,-0.5785280274015814,0.6834206007263366,False
2025-05-29,-0.23451358153920854,0.39473161822050074,-0.6292451997597093,False
2025-05-30,0.4501165153201203,-0.11184364635955513,0.5619601616796754,False
2025-06-02,0.42319709002895944,0.5633019526603222,-0.1401048626313628,False
2025-06-03,0.7783886983989463,0.5702431110772288,0.2081455873217175,False
2025-06-04,-0.22138614203993656,-0.026843571899248797,-0.19454257014068776,False
2025-06-05,-1.0797729357132413,-0.48328303934708217,-0.5964898963661591,False
2025-06-06,1.6398311604960636,1.0269041453009553,0.6129270151951083,False
2025-06-09,-1.2112606584436802,0.0901294345408088,-1.301390092984489,False
2025-06-10,0.6056174171157558,0.5669725186957297,0.03864489842002605,False
2025-06-11,-1.9193805832925181,-0.2852109670956948,-1.6341696161968233,False
2025-06-12,0.21128663073402,0.3974356900525722,-0.1861490593185522,False
2025-06-13,-1.3805194198080128,-1.1180002361713792,-0.2625191836366336,False
2025-06-16,1.0028022576847206,0.9514064533853617,0.05139580429935897,False
2025-06-17,-1.4010737856372857,-0.8545051015123262,-0.5465686841249595,False
2025-06-18,0.4804789548654709,-0.015074066937925679,0.49555302180339655,False
2025-06-20,2.2484520846297373,-0.23484258518724488,2.483294669816982,False
2025-06-23,0.2487474192778505,0.9877434083815251,-0.7389959891036746,False
2025-06-24,-0.5955261437092574,1.1047192108078807,-1.700245354517138,False
2025-06-25,0.6290497448638854,0.056035591655012595,0.5730141532088728,False
2025-06-26,-0.2778249181079495,0.7823805236792936,-1.060205441787243,True
2025-06-27,0.03980202145885681,0.49683437757206406,-0.45703235611320725,True
2025-06-30,2.034007911458713,0.47811615804806973,1.5558917534106431,True
2025-07-01,1.291615425542747,-0.03235926031718295,1.32397468585993,True
2025-07-02,2.2230762139012317,0.45333530513420595,1.7697409087670257,True
2025-07-03,0.5224995765919394,0.7881389252041293,-0.26563934861218996,True
2025-07-07,-1.685788485292905,-0.7452138445489531,-0.9405746407439519,True
2025-07-08,0.028578971805215403,-0.054760910817253095,0.0833398826224685,True
2025-07-09,0.538068961510163,0.5996621705197658,-0.061593209009602745,True
2025-07-10,0.6015049464452193,0.28202028468595763,0.3194846617592617,True
2025-07-11,-0.5884925020458898,-0.3515266022106389,-0.23696589983525085,True
2025-07-14,-1.202881464197092,0.19081371492402077,-1.3936951791211127,True
2025-07-15,0.23488288655426626,-0.4273317857587777,0.662214672313044,True
2025-07-16,0.5021264030900419,0.33432619517372864,0.16780020791631323,True
2025-07-17,-0.06661763232523876,0.6119641699551259,-0.6785818022803647,True
2025-07-18,0.5523280640275852,-0.07323729567987325,0.6255653597074584,True
2025-07-21,0.6155900285392368,0.189619482624237,0.42597054591499983,True
2025-07-22,0.9036090171780309,0.014312186670739635,0.8892968305072912,True
2025-07-23,-0.11660036442873167,0.8507406668075479,-0.9673410312362796,True
2025-07-24,-0.18211290671763525,0.03311188089325512,-0.21522478761089037,True
2025-07-25,0.05613917422049308,0.42243586394272725,-0.36629668972223417,True
2025-07-28,0.07948587409902785,-0.02510907174575472,0.10459494584478257,True
2025-07-29,-1.2987668901023652,-0.2637596564339706,-1.0350072336683946,True
2025-07-30,-1.0507862911703691,-0.1259379760541024,-0.9248483151162668,True
2025-07-31,-0.7079609380583052,-0.3751265515138158,-0.3328343865444894,True
2025-08-01,-2.5003668581794036,-1.6390403362552375,-0.8613265219241661,True
2025-08-04,0.47930120261634457,1.5199884599081948,-1.0406872572918502,False
2025-08-05,-0.21146353111312077,-0.5069968088280641,0.2955332777149433,False
2025-08-06,5.090672067065416,0.7659639025898946,4.324708164475521,False
2025-08-07,3.179370364190537,-0.08375739109987013,3.263127755290407,False
2025-08-08,4.235784341318971,0.7797501094690906,3.4560342318498805,False
2025-08-11,-0.8337365796965757,-0.19774524562664597,-0.6359913340699297,False
2025-08-12,1.0872426196794072,1.0645981233063928,0.022644496373014356,False
2025-08-13,1.6024457949132653,0.34231846065959637,1.260127334253669,False
2025-08-14,-0.23571835446725142,0.009299781650273786,-0.2450181361175252,False
2025-08-15,-0.5112168105708581,-0.2341290236613225,-0.2770877869095356,False
2025-08-18,-0.3022532209291606,-0.021751572051942336,-0.2805016488772183,False
2025-08-19,-0.1429256279357305,-0.5425239851328145,0.39959835719708403,False
2025-08-20,-1.9734624185850147,-0.26570426982367445,-1.7077581487613402,False
2025-08-21,-0.4911252928377019,-0.4011766231477476,-0.0899486696899543,False
2025-08-22,1.2716733406805902,1.5356785247534033,-0.26400518407281304,False
2025-08-25,-0.2634317288807808,-0.44010610261246974,0.17667437373168893,False
2025-08-26,0.946469850209164,0.41870023682906155,0.5277696133801024,False
2025-08-27,0.5145899965004919,0.22784921171898898,0.2867407847815029,False
2025-08-28,0.8980857430412437,0.354140054346086,0.5439456886951577,False
2025-08-29,-0.18060207961334562,-0.5963709384858351,0.4157688588724895,False
2025-09-02,-1.0424709383172748,-0.7410192526257298,-0.301451685691545,False
2025-09-03,3.8089871578786294,0.5419467264843547,3.2670404313942747,False
2025-09-04,0.5493288226302795,0.8357484126844783,-0.2864195900541988,False
2025-09-05,-0.037531045761318715,-0.2896298389375551,0.2520987931762364,False
2025-09-08,-0.7551402650500583,0.24566799492218294,-1.0008082599722412,False
2025-09-09,-1.4839412310012845,0.23117733075188607,-1.7151185617531706,False
2025-09-10,-3.225948363240483,0.28908153230013944,-3.5150298955406223,False
2025-09-11,1.4286344459361722,0.8310314225991933,0.5976030233369789,False
2025-09-12,1.7562991653877313,-0.033472834591830036,1.7897719999795614,False
2025-09-15,1.1235905200573493,0.5324018805968,0.5911886394605492,False
2025-09-16,0.6125886829152938,-0.13768510142991852,0.7502737843452123,False
2025-09-17,0.3527257682534257,-0.12423997418844479,0.4769657424418705,False
2025-09-18,-0.4644576907642972,0.4672384146077402,-0.9316961053720374,False
2025-09-19,3.2032913063739787,0.49529183102627883,2.7079994753477,False
2025-09-22,4.3095700465100695,0.4731035459799804,3.836466500530089,False
2025-09-23,-0.644325892472386,-0.5443520514135325,-0.09997384105885354,False
2025-09-24,-0.833236483994404,-0.318164448653413,-0.515072035340991,False
2025-09-25,1.8072960876120314,-0.46134329671143615,2.2686393843234676,True
2025-09-26,-0.5489082840644866,0.5729075724434596,-1.1218158565079461,True
2025-09-29,-0.40319598450592187,0.2810389450384143,-0.6842349295443362,True
2025-09-30,0.07861004710238984,0.376684572535102,-0.2980745254327122,True
2025-10-01,0.3220330351537015,0.3407569706178837,-0.018723935464182162,True
2025-10-02,0.6576638338942287,0.11517801124745208,0.5424858226467766,True
2025-10-03,0.34612513299712155,-0.0014818614668121732,0.3476069944639337,True
2025-10-06,-0.5154611713502621,0.3586249365854499,-0.8740861079357121,True
2025-10-07,-0.08180341665524615,-0.3707511977453004,0.28894778109005426,True
2025-10-08,0.616028826380699,0.5963096319924199,0.01971919438827907,True
2025-10-09,-1.557785637436715,-0.2897030241612586,-1.2680826132754563,True
2025-10-10,-3.4522058162621327,-2.7027820787662193,-0.7494237374959134,True
2025-10-13,0.9744341420789837,1.5344092809244536,-0.5599751388454699,True
2025-10-14,0.04441586446859436,-0.12216512196846496,0.16658098643705932,True
2025-10-15,0.6336529564029414,0.4439541098594013,0.18969884654354008,True
2025-10-16,-0.7580006053321764,-0.6810210567109287,-0.07697954862124767,True
2025-10-17,1.9559441912186948,0.5676314860669995,1.3883127051516952,True
2025-10-20,3.943876231500254,1.040043503835153,2.903832727665101,True
2025-10-21,0.20210237725979407,-0.0014955077773270986,0.20359788503712117,True
2025-10-22,-1.6440156296572916,-0.5198882255361581,-1.1241274041211335,True
2025-10-23,0.4372103072468825,0.5929966083050742,-0.1557863010581917,True
2025-10-24,1.2481878875396424,0.8172547247097484,0.430933162829894,True
2025-10-27,2.279111912415832,1.1797667854098304,1.0993451270060017,True
2025-10-28,0.07068314349076843,0.26560013292959983,-0.1949169894388314,True
2025-10-29,0.26023003490212027,0.04803260550556576,0.2121974293965545,True
2025-10-30,0.6303226049785504,-1.0998113191920567,1.730133924170607,True
2025-10-31,-0.37950967413132863,0.3280260922519762,-0.7075357663833048,True
2025-11-03,-0.48822131615030573,0.18766915803232198,-0.6758904741826277,False
2025-11-04,0.36796245826942187,-1.1853595199365574,1.5533219782059793,False
2025-11-05,0.03703577594871277,0.34654701339136285,-0.3095112374426501,False
2025-11-06,-0.13697259247742455,-1.072938225080955,0.9359656326035304,False
2025-11-07,-0.4818903572332056,0.09845659403016072,-0.5803469512633663,False
2025-11-10,0.45486792422775313,1.560435822838957,-1.1055678986112039,False
2025-11-11,2.1601185771556786,0.22892033827353053,1.931198238882148,False
2025-11-12,-0.6466843884820661,0.055640686642632886,-0.702325075124699,False
2025-11-13,-0.19014480979659965,-1.6594062566875234,1.4692614468909238,False
2025-11-14,-0.19784155368063328,-0.016359600785664785,-0.1814819528949685,False
2025-11-17,-1.8171183658773127,-0.9316476786200845,-0.8854706872572282,False
2025-11-18,-0.007473646268785217,-0.8397487448507768,0.8322750985819916,False
2025-11-19,0.4187836924032684,0.38631576379948296,0.032467928603785445,False
2025-11-20,-0.8601420835542606,-1.524230348712119,0.6640882651578583,False
2025-11-21,1.9680714495305063,0.9961204755846165,0.9719509739458898,False
2025-11-24,1.6317445772254802,1.4718547807599958,0.1598897964654844,False
2025-11-25,0.3805406428931457,0.9405913041440561,-0.5600506612509104,False
2025-11-26,0.20940411225383038,0.6903544626688962,-0.48095035041506584,False
2025-11-28,0.4683906927485104,0.5458400735868674,-0.07744938083835695,False
2025-12-01,1.5241168753721723,-0.4565432491131505,1.9806601244853228,False
2025-12-02,1.0914857899228636,0.1852203967944055,0.9062653931284581,False
2025-12-03,-0.712816145749029,0.3462767968857472,-1.0590929426347762,False
2025-12-04,-1.214141039436356,0.07311238379490437,-1.2872534232312605,False
2025-12-05,-0.684009028940924,0.1899461628388499,-0.8739551917797739,False
2025-12-08,-0.319242461710445,-0.3004219352025661,-0.01882052650787891,False
2025-12-09,-0.2555046727945598,-0.0863122274760153,-0.1691924453185445,False
2025-12-10,0.577244442526248,0.6632218302348614,-0.0859773877086134,False
2025-12-11,-0.2690293433115887,0.23269317780567622,-0.5017225211172649,False
2025-12-12,0.08991835452922814,-1.0751997629438903,1.1651181174731184,False
2025-12-15,-1.4984955605960026,-0.1510813414004608,-1.3474142191955418,False
2025-12-16,0.18240853187405648,-0.27323197983205594,0.4556405117061124,False
2025-12-17,-1.0086993049891024,-1.1003588240296014,0.09165951904049896,False
2025-12-18,0.1287544541755281,0.7551280296730134,-0.6263735754974853,False
2025-12-19,0.5437418615868328,0.906346515990486,-0.3626046544036532,False
2025-12-22,-0.9865941003960987,0.6229874178387496,-1.6095815182348483,False
2025-12-23,0.5129660569795913,0.45704843606495515,0.055917620914636146,False
2025-12-24,0.5323881205087977,0.3517621421107009,0.1806259783980968,False
2025-12-26,-0.14974020881820538,-0.01014040437492536,-0.13959980444328002,True
2025-12-29,0.13168100847762432,-0.3563648189011559,0.4880458273787802,True
2025-12-30,-0.24840121606569676,-0.12211468345215692,-0.12628653261353984,True
2025-12-31,-0.44675599849579584,-0.7408955885817803,0.29413959008598445,True
2026-01-02,-0.31265196488491354,0.18330596423725698,-0.4959579291221705,True
2026-01-05,-1.3837127282653072,0.6660110816910869,-2.049723809956394,True
2026-01-06,-1.8334297070330852,0.5947227112347964,-2.4281524182678815,True
2026-01-07,-0.7737455757884204,-0.3223400177244651,-0.4514055580639553,True
2026-01-08,-0.4955164959399183,-0.010152168346500012,-0.4853643275934183,True
2026-01-09,0.127388264893602,0.6613388484590255,-0.5339505835654235,True
2026-01-12,0.33928553779511983,0.15703975230316747,0.18224578549195236,True
2026-01-13,0.3073920434077726,-0.1999473023445053,0.5073393457522779,True
2026-01-14,-0.4175431483854575,-0.49152227448391317,0.0739791260984557,True
2026-01-15,-0.6731805114335909,0.27232240029890775,-0.9455029117324987,True
